hidden_width,num_blocks,test_reference_agreement_mean,test_reference_agreement_std,test_reference_agreement_min,mean_objective_mean,oracle_objective_mean,mean_regret_mean,mean_regret_std,mean_normalized_regret,mean_latency,median_latency,mean_energy,median_energy,int8_action_agreement_mean,int8_action_agreement_std,int8_action_agreement_min,parameters,estimated_int8_model_bytes,peak_activation_bytes,macs,qualifies
16,1,0.9988400000000001,0.0005549774770204452,0.998,0.29364521200000004,0.29364443,7.707858119999999e-7,5.839511217215931e-7,0.00000442703612,92.4820998,87.609864,15.381376800000002,15,0.9910400000000001,0.0022333830840229408,0.9874,403,543,128,368,true
20,1,0.9991200000000001,0.0005761944116355348,0.9984,0.29364513799999997,0.29364443,6.9570067e-7,8.571398134073013e-7,0.0000033927382200000003,92.4835712,87.608098,15.3810842,15,0.99176,0.002551078203426921,0.9892,583,755,160,540,true
16,2,0.99864,0.0006693280212272398,0.9978,0.293645436,0.29364443,9.850478300000002e-7,6.348955916760011e-7,0.000004428247814,92.4836528,87.604315,15.381670600000001,15,0.9901199999999999,0.0026099808428415804,0.9862,675,879,128,624,true
32,1,0.9994399999999999,0.00038470768123343644,0.999,0.293644834,0.29364443,3.9014457999999996e-7,3.785172315211994e-7,0.000001920437628,92.4816504,87.61163,15.3812484,15,0.9921599999999999,0.002729102416546515,0.9882,1315,1583,256,1248,true
20,3,0.99908,0.00030331501776202863,0.9988,0.293644898,0.29364443,4.67504253e-7,3.418173343497528e-7,0.000002479292402,92.482722,87.61163,15.379442800000001,15,0.9906,0.0018275666882496845,0.9874,1423,1755,160,1340,true
40,1,0.99936,0.000296647939483835,0.999,0.29364480400000004,0.29364443,3.631335516e-7,2.775705286449752e-7,0.000001638478434,92.482944,87.61163,15.380391800000002,15,0.99232,0.000985900603509311,0.9914,1963,2295,320,1880,true
32,2,0.99896,0.0003286335345030635,0.9986,0.29364504,0.29364443,5.95805642e-7,3.1830542827127705e-7,0.0000028588825920000002,92.480622,87.606332,15.3832463,15,0.9924,0.0015033296378372915,0.99,2371,2767,256,2272,true
48,1,0.9974399999999999,0.0018889150324988059,0.9952,0.293648556,0.29364443,0.000004115923056,0.000004560518466918122,0.00001497919522,92.46483799999999,87.617614,15.392744400000002,15,0.99308,0.003431034829318997,0.9872,2739,3135,384,2640,true
40,2,0.99864,0.0003577708763999797,0.9982,0.293645404,0.29364443,9.69335458e-7,4.4765348621200404e-7,0.00000406517198,92.48127600000001,87.612248,15.3828374,15,0.9928800000000001,0.0017469974241538107,0.9902,3603,4095,320,3480,true
32,4,0.99796,0.001740114938732518,0.9954,0.293647486,0.29364443,0.0000030390769780000004,0.0000025840175380258756,0.00001283767626,92.48743520000001,87.61938,15.380461400000002,15,0.9901199999999999,0.001221474518768183,0.989,4483,5135,256,4320,true
64,1,0.9977600000000001,0.0011436782764396825,0.9962,0.293647158,0.29364443,0.0000027262473399999996,0.000002092909884649674,0.000011367477999999999,92.47098000000001,87.611457,15.389452,15,0.99308,0.0021661024906499894,0.9894,4675,5199,512,4544,true
48,2,0.99792,0.0013007690033207384,0.9964,0.29364697799999995,0.29364443,0.000002538028872,0.000003329794804425645,0.000011585188080000001,92.48131300000001,87.61109,15.3838836,15,0.9926,0.0013711309200802036,0.9916,5091,5679,384,4944,true
40,3,0.9982800000000001,0.0009011104260854991,0.9968,0.29364588599999997,0.29364443,0.0000014584612960000003,0.0000011956545769777126,0.00000609327844,92.47778100000001,87.608098,15.3842559,15,0.9915200000000001,0.0015912259424733133,0.9894,5243,5895,320,5080,true
40,4,0.9985199999999999,0.0006418722614352315,0.9976,0.29364599199999997,0.29364443,0.0000015492254599999997,2.645667839458839e-7,0.0000069454899,92.4824208,87.612248,15.381399300000002,15,0.99192,0.001597498043817249,0.9898,6883,7695,320,6680,true
80,1,0.99792,0.0012049896265113433,0.9966,0.293646454,0.29364443,0.0000020248072920000003,0.0000017146809584231137,0.00000969989176,92.477766,87.600532,15.3841498,15,0.9918799999999999,0.0030449958949069107,0.9868,7123,7775,640,6960,true
48,3,0.9971200000000001,0.0020327321515635033,0.994,0.29365082200000003,0.29364443,0.00000637794034,0.000008155944654625317,0.00002039880864,92.4745682,87.6141838,15.383159799999998,15,0.99228,0.002536138797463587,0.988,7443,8223,384,7248,true
40,5,0.9968,0.00188148877222268,0.9938,0.293650942,0.29364443,0.000006510322059999999,0.000009445776887831217,0.0000220793905,92.47076,87.61144279999999,15.3904044,15,0.9921200000000001,0.0016407315441594947,0.9898,8523,9495,320,8280,true
64,2,0.9974000000000001,0.0012409673645990742,0.9958,0.293646984,0.29364443,0.0000025484676,0.0000018635870832636653,0.000010112563920000002,92.482154,87.59700000000001,15.3837798,15,0.99436,0.0009316651759081572,0.993,8835,9615,512,8640,true
48,4,0.99724,0.0007797435475847224,0.9962,0.293647088,0.29364443,0.000002650032,0.000001947262863502266,0.00001228046864,92.4606292,87.602549,15.400219900000002,15,0.9921599999999999,0.0008988882021698062,0.9914,9795,10767,384,9552,true
96,1,0.998,0.0007483314773548097,0.997,0.293645792,0.29364443,0.00000136735678,5.928179945216803e-7,0.00000664057782,92.48116200000001,87.606332,15.3838077,15,0.99332,0.002066881709242237,0.9902,10083,10863,768,9888,true
48,5,0.9953199999999999,0.0015658863304850769,0.993,0.293655124,0.29364443,0.000010687951480000001,0.000008087420098826503,0.00003890029420000001,92.4761372,87.617614,15.3880333,15,0.9915200000000001,0.0009549869109050838,0.9904,12147,13311,384,11856,true
64,3,0.9977199999999999,0.0009859006035093155,0.9964,0.293646792,0.29364443,0.0000023562938400000003,0.000001928854912170815,0.00000970654034,92.4725062,87.60352400000001,15.391095400000001,15,0.9925200000000001,0.0008318653737234173,0.9914,12995,14031,512,12736,true
80,2,0.9980800000000001,0.0014254823744964122,0.9956,0.29364590799999996,0.29364443,0.0000014684039419999999,0.0000015781513663593312,0.000007696674319999999,92.48161999999999,87.604315,15.382321600000001,15,0.9949600000000001,0.0007797435475847224,0.9942,13603,14575,640,13360,true
64,4,0.9971599999999998,0.0012601587201618721,0.9958,0.293650904,0.29364443,0.0000064700198599999995,0.000004512693382816552,0.00002447759828,92.4772732,87.616388,15.381620199999997,15,0.9925599999999999,0.001976866206904234,0.9906,17155,18447,512,16832,true
128,1,0.99712,0.0020571825392998047,0.9942,0.29364803,0.29364443,0.00000358851962,0.000003930752144312397,0.000018216149100000002,92.4668602,87.604933,15.3961954,15,0.99536,0.0010526157893552689,0.994,17539,18575,1024,17280,true
96,2,0.9968,0.0014899664425751377,0.9952,0.29364944400000004,0.29364443,0.000004995582105999999,0.000003122192091215486,0.00001855525132,92.47497100000001,87.606332,15.3902974,15,0.9946400000000001,0.0011081516141756046,0.9928,19395,20559,768,19104,true
80,3,0.99848,0.0011366617790706218,0.9966,0.293645464,0.29364443,0.0000010306423859999997,0.000001186930945463029,0.000004881505142,92.477024,87.608098,15.384361399999998,15,0.99308,0.0025203174403237425,0.9902,20083,21375,640,19760,true
64,5,0.9970000000000001,0.0025219040425837175,0.9932,0.293649106,0.29364443,0.000004677849479999999,0.000006351741551227075,0.00001839624078,92.46952999999999,87.60431500000001,15.3950086,15,0.9922000000000001,0.002154065922853763,0.9896,21315,22863,512,20928,true
64,6,0.9966800000000001,0.0026366645596283245,0.992,0.293654162,0.29364443,0.000009718765,0.000014740771051773422,0.0000295967628,92.469654,87.612248,15.388951800000001,15,0.9915200000000001,0.0016037456157383626,0.9898,25475,27279,512,25024,true
80,4,0.998,0.0007874007874011789,0.9968,0.29364622799999995,0.29364443,0.00000179133826,0.0000013269302171541363,0.000007023431719999999,92.47764199999999,87.604566,15.386489599999999,15,0.99452,0.0008899438184514738,0.9936,26563,28175,640,26160,true
80,5,0.9968400000000001,0.0015192103211866478,0.9944,0.293651262,0.29364443,0.0000068256293,0.000006347466084483087,0.000021942388,92.476162,87.621146,15.384384799999998,15,0.9930000000000001,0.0011575836902790388,0.991,33043,34975,640,32560,true
128,2,0.9970399999999999,0.0011610340218960054,0.9952,0.293650352,0.29364443,0.000005905952360000001,0.000005258416252564094,0.000021266429499999998,92.48434499999999,87.61347400000001,15.3781678,15,0.9936400000000001,0.002658571044753182,0.989,34051,35599,1024,33664,true
96,4,0.9972,0.002073644135332782,0.9944,0.293649006,0.29364443,0.000004563385887999999,0.000004791760039695236,0.00001758212446,92.47475999999999,87.59700000000001,15.388595599999999,15,0.99304,0.0009528903399657089,0.992,38019,39951,768,37536,true
96,5,0.99664,0.0019819182626939916,0.9938,0.29365243799999996,0.29364443,0.000008002845520000001,0.000008354842953534393,0.0000255935852,92.47619879999999,87.6183338,15.385370600000002,15,0.9924,0.003289376840679689,0.9876,47331,49647,768,46752,true
128,3,0.99616,0.0027618834153526482,0.9932,0.293652582,0.29364443,0.000008145010642,0.000010381447493083171,0.00003208471146,92.4740242,87.59635899999999,15.392838799999998,15,0.9954000000000001,0.0003464101615137854,0.9952,50563,52623,1024,50048,true
80,8,0.99576,0.0016516658257649912,0.993,0.293654428,0.29364443,0.000009986279060000001,0.000008094577283562239,0.0000362296802,92.48957019999999,87.61524,15.376318999999999,15,0.9912000000000001,0.0014212670403552009,0.9898,52483,55375,640,51760,true
96,6,0.99612,0.0023731835158706254,0.992,0.293654132,0.29364443,0.00000969754014,0.000013088510910716815,0.0000338795383,92.4622724,87.620031,15.3959522,15,0.99184,0.0023849528297221925,0.9888,56643,59343,768,55968,true
128,4,0.99712,0.0016589153082662558,0.9954,0.293649716,0.29364443,0.00000528907344,0.0000057131670900171055,0.00002310845432,92.48798839999999,87.609864,15.3759191,15,0.9939199999999999,0.0005761944116355309,0.993,67075,69647,1024,66432,true
96,8,0.99544,0.001532318504750232,0.9928,0.29365613799999996,0.29364443,0.000011693918460000001,0.000013706909012188498,0.0000415599958,92.46589319999998,87.607307,15.3972507,15,0.9918000000000001,0.002592296279363139,0.9876,75267,78735,768,74400,true
128,5,0.99692,0.0012617448236469935,0.995,0.293649716,0.29364443,0.00000527806414,0.000004362034018705592,0.00001920155806,92.47941999999999,87.607307,15.3824298,15,0.99328,0.001814386948806686,0.9912,83587,86671,1024,82816,true
128,6,0.99712,0.0013535139452550825,0.995,0.29364990199999996,0.29364443,0.000005465209399999999,0.000006283789204600448,0.000017394493479999997,92.46501699999999,87.598766,15.3929384,15,0.9928800000000001,0.001323631368621959,0.9914,100099,103695,1024,99200,true
128,8,0.9953999999999998,0.0022759613353481993,0.9918,0.29365284999999997,0.29364443,0.000008412857,0.000006221440129773612,0.0000355208854,92.46911480000001,87.60288299999999,15.3971896,15,0.9930399999999999,0.0006542170893518494,0.9922,133123,137743,1024,131968,true
