hidden_width,num_blocks,seed,parameters,fp32_weight_bytes,estimated_int8_model_bytes,peak_activation_bytes,macs,flops_estimate,validation_reference_agreement,validation_mean_regret,test_reference_agreement,mean_objective,oracle_objective,mean_regret,median_regret,mean_normalized_regret,mean_latency,median_latency,mean_energy,median_energy,local_fraction,partial_fraction,full_fraction,fp32_int8_action_agreement
4,1,1,55,220,99,32,44,88,0.95,0.0011505332,0.9458,0.2948096,0.29364443,0.0011651793,0.0,0.006842862,92.557076,87.61163,15.333221,15.0,0.1982,0.7856,0.0162,0.9906
4,1,2,55,220,99,32,44,88,0.967,0.00035633973,0.9648,0.29402342,0.29364443,0.00037902084,0.0,0.0020554161,92.775185,87.583885,15.140282,15.0,0.1988,0.8012,0.0,0.9956
4,1,3,55,220,99,32,44,88,0.981,0.00010014042,0.9812,0.2937565,0.29364443,0.00011208162,0.0,0.0005481131,92.4942,87.637184,15.386109,15.0,0.2008,0.7784,0.0208,0.9872
4,1,4,55,220,99,32,44,88,0.953,0.00085005834,0.9518,0.29457656,0.29364443,0.0009321396,0.0,0.005445429,92.5631,87.62355,15.297372,15.0,0.2022,0.7832,0.0146,0.9942
4,1,5,55,220,99,32,44,88,0.985,8.0748054e-05,0.982,0.2937518,0.29364443,0.00010738995,0.0,0.0005676814,92.64849,87.62355,15.266267,15.0,0.2004,0.7888,0.0108,0.9944
4,2,1,75,300,135,32,60,120,0.878,0.007753911,0.886,0.30121917,0.29364443,0.00757471,0.0,0.030186651,96.28339,90.119736,14.869334,15.0,0.1968,0.8032,0.0,0.9952
4,2,2,75,300,135,32,60,120,0.775,0.024301914,0.7794,0.3211544,0.29364443,0.027509967,0.0,0.14610551,101.43956,100.58226,16.512,18.0,0.0,1.0,0.0,1.0
4,2,3,75,300,135,32,60,120,0.979,0.00019805222,0.9706,0.29389232,0.29364443,0.0002479066,0.0,0.0016003017,92.79365,87.637184,15.161248,15.0,0.2018,0.7982,0.0,0.9934
4,2,4,75,300,135,32,60,120,0.97,0.00031427617,0.9648,0.29401776,0.29364443,0.0003733378,0.0,0.001996157,92.75558,87.583885,15.14869,15.0,0.1988,0.8012,0.0,0.9904
4,2,5,75,300,135,32,60,120,0.881,0.0073203803,0.8894,0.3008097,0.29364443,0.0071652923,0.0,0.02801723,96.09645,89.72885,14.864995,15.0,0.1924,0.8076,0.0,0.9954
4,3,1,95,380,171,32,76,152,0.97,0.00029988677,0.966,0.294005,0.29364443,0.00036056558,0.0,0.0020235595,92.7822,87.583885,15.141059,15.0,0.2004,0.7996,0.0,0.9948
4,3,2,95,380,171,32,76,152,0.947,0.0013336965,0.941,0.29502788,0.29364443,0.0013834523,0.0,0.008187033,92.47605,87.6028,15.395075,15.0,0.1994,0.7772,0.0234,0.9918
4,3,3,95,380,171,32,76,152,0.982,0.00020616353,0.9786,0.29389015,0.29364443,0.000245723,0.0,0.001311764,92.47862,87.69963,15.371184,15.0,0.2044,0.7754,0.0202,0.9744
4,3,4,95,380,171,32,76,152,0.979,0.00017439798,0.9728,0.2938892,0.29364443,0.00024475032,0.0,0.0013493957,92.47941,87.61163,15.439287,15.0,0.1962,0.7742,0.0296,0.984
4,3,5,95,380,171,32,76,152,0.878,0.007881717,0.8844,0.30130893,0.29364443,0.007664499,0.0,0.030170038,96.32213,90.00371,14.873551,15.0,0.1918,0.8082,0.0,0.9916
4,4,1,115,460,207,32,92,184,0.989,4.8101083e-05,0.9906,0.29367784,0.29364443,3.3402815e-05,0.0,0.00019260561,92.55994,87.61163,15.313158,15.0,0.1986,0.7872,0.0142,0.9816
4,4,2,115,460,207,32,92,184,0.97,0.00035341465,0.9644,0.29402304,0.29364443,0.00037857427,0.0,0.002090247,92.742615,87.583885,15.151468,15.0,0.1968,0.8032,0.0,0.9896
4,4,3,115,460,207,32,92,184,0.775,0.024301914,0.7794,0.3211544,0.29364443,0.027509967,0.0,0.14610551,101.43956,100.58226,16.512,18.0,0.0,1.0,0.0,1.0
4,4,4,115,460,207,32,92,184,0.883,0.0070555545,0.8912,0.30052933,0.29364443,0.006884918,0.0,0.027057055,96.00256,89.57863,14.860547,15.0,0.1946,0.8054,0.0,0.9824
4,4,5,115,460,207,32,92,184,0.84,0.013371694,0.841,0.308667,0.29364443,0.01502255,0.0,0.064186655,98.86196,94.55168,15.18815,15.0,0.1928,0.8072,0.0,0.994
4,5,1,135,540,243,32,108,216,0.775,0.024301914,0.7794,0.3211544,0.29364443,0.027509967,0.0,0.14610551,101.43956,100.58226,16.512,18.0,0.0,1.0,0.0,1.0
4,5,2,135,540,243,32,108,216,0.949,0.0012212074,0.947,0.29476622,0.29364443,0.001121763,0.0,0.0064644287,92.54856,87.583885,15.327293,15.0,0.1986,0.783,0.0184,0.9826
4,5,3,135,540,243,32,108,216,0.882,0.0069873044,0.8916,0.30037335,0.29364443,0.006728926,0.0,0.026764182,95.97026,89.67687,14.856416,15.0,0.199,0.801,0.0,0.9948
4,5,4,135,540,243,32,108,216,0.876,0.008212557,0.8834,0.30158648,0.29364443,0.007942034,0.0,0.03104784,96.41667,90.106255,14.879513,15.0,0.1884,0.8116,0.0,0.9912
4,5,5,135,540,243,32,108,216,0.775,0.024301914,0.7794,0.3211544,0.29364443,0.027509967,0.0,0.14610551,101.43956,100.58226,16.512,18.0,0.0,1.0,0.0,1.0
4,6,1,155,620,279,32,124,248,0.775,0.024301914,0.7794,0.3211544,0.29364443,0.027509967,0.0,0.14610551,101.43956,100.58226,16.512,18.0,0.0,1.0,0.0,1.0
4,6,2,155,620,279,32,124,248,0.968,0.00034276844,0.9648,0.29403856,0.29364443,0.00039412238,0.0,0.002154738,92.79236,87.57185,15.141014,15.0,0.1992,0.8008,0.0,0.9768
4,6,3,155,620,279,32,124,248,0.775,0.024301914,0.7794,0.3211544,0.29364443,0.027509967,0.0,0.14610551,101.43956,100.58226,16.512,18.0,0.0,1.0,0.0,1.0
4,6,4,155,620,279,32,124,248,0.983,0.00015180478,0.9858,0.29375958,0.29364443,0.00011514597,0.0,0.0006675572,92.55367,87.63542,15.333147,15.0,0.1958,0.787,0.0172,0.9776
4,6,5,155,620,279,32,124,248,0.775,0.024301914,0.7794,0.3211544,0.29364443,0.027509967,0.0,0.14610551,101.43956,100.58226,16.512,18.0,0.0,1.0,0.0,1.0
4,8,1,195,780,351,32,156,312,0.775,0.024301914,0.7794,0.3211544,0.29364443,0.027509967,0.0,0.14610551,101.43956,100.58226,16.512,18.0,0.0,1.0,0.0,1.0
4,8,2,195,780,351,32,156,312,0.775,0.024301914,0.7794,0.3211544,0.29364443,0.027509967,0.0,0.14610551,101.43956,100.58226,16.512,18.0,0.0,1.0,0.0,1.0
4,8,3,195,780,351,32,156,312,0.775,0.024301914,0.7794,0.3211544,0.29364443,0.027509967,0.0,0.14610551,101.43956,100.58226,16.512,18.0,0.0,1.0,0.0,1.0
4,8,4,195,780,351,32,156,312,0.775,0.024301914,0.7794,0.3211544,0.29364443,0.027509967,0.0,0.14610551,101.43956,100.58226,16.512,18.0,0.0,1.0,0.0,1.0
4,8,5,195,780,351,32,156,312,0.866,0.009690104,0.869,0.3035461,0.29364443,0.009901656,0.0,0.039953444,97.20483,91.01857,14.912694,15.0,0.1954,0.8046,0.0,0.9966
6,1,1,93,372,153,48,78,156,0.975,0.00018263815,0.974,0.29384157,0.29364443,0.00019714661,0.0,0.0010439989,92.46787,87.62355,15.44635,15.0,0.2018,0.7686,0.0296,0.9846
6,1,2,93,372,153,48,78,156,0.995,1.4319375e-05,0.9972,0.2936494,0.29364443,4.9612045e-06,0.0,2.2272003e-05,92.47795,87.583885,15.377034,15.0,0.1992,0.7806,0.0202,0.9918
6,1,3,93,372,153,48,78,156,0.976,0.0001787135,0.976,0.29384518,0.29364443,0.00020075256,0.0,0.0011308233,92.45305,87.62355,15.457215,15.0,0.2006,0.7684,0.031,0.9922
6,1,4,93,372,153,48,78,156,0.994,7.5249823e-06,0.9972,0.29365093,0.29364443,6.4878764e-06,0.0,4.3030846e-05,92.484436,87.61163,15.378525,15.0,0.1994,0.7798,0.0208,0.9884
6,1,5,93,372,153,48,78,156,0.981,0.00013178482,0.9768,0.29381126,0.29364443,0.00016681207,0.0,0.0010133635,92.61732,87.63542,15.311913,15.0,0.1978,0.7888,0.0134,0.9924
6,2,1,135,540,219,48,114,228,0.985,6.903748e-05,0.9808,0.2937558,0.29364443,0.00011136489,0.0,0.0007185914,92.65836,87.63542,15.235256,15.0,0.2,0.7938,0.0062,0.989
6,2,2,135,540,219,48,114,228,0.969,0.00033445965,0.9668,0.2940122,0.29364443,0.0003677552,0.0,0.0020263537,92.7862,87.583885,15.133255,15.0,0.1992,0.8008,0.0,0.9936
6,2,3,135,540,219,48,114,228,0.974,0.00018704259,0.975,0.29385027,0.29364443,0.00020582542,0.0,0.0010087556,92.531265,87.583885,15.396162,15.0,0.204,0.7714,0.0246,0.9828
6,2,4,135,540,219,48,114,228,0.987,7.767186e-05,0.9852,0.2937301,0.29364443,8.568384e-05,0.0,0.00043021355,92.586205,87.61163,15.298182,15.0,0.1992,0.7872,0.0136,0.9918
6,2,5,135,540,219,48,114,228,0.996,8.250057e-06,0.9972,0.29364815,0.29364443,3.7107707e-06,0.0,1.3991803e-05,92.49514,87.583885,15.3714285,15.0,0.198,0.7814,0.0206,0.984
6,3,1,177,708,285,48,150,300,0.97,0.00032614474,0.965,0.2939897,0.29364443,0.00034525624,0.0,0.0019015406,92.76931,87.61163,15.145958,15.0,0.199,0.801,0.0,0.9856
6,3,2,177,708,285,48,150,300,0.882,0.0069873044,0.8912,0.30039302,0.29364443,0.0067485734,0.0,0.026836012,95.980385,89.68924,14.855319,15.0,0.199,0.801,0.0,0.99
6,3,3,177,708,285,48,150,300,0.994,8.328199e-06,0.9978,0.29364586,0.29364443,1.3932168e-06,0.0,7.091713e-06,92.46567,87.6028,15.390409,15.0,0.1994,0.7788,0.0218,0.9854
6,3,4,177,708,285,48,150,300,0.979,0.00017326821,0.9708,0.29388374,0.29364443,0.00023932524,0.0,0.0015210502,92.77083,87.63542,15.175131,15.0,0.2004,0.799,0.0006,0.9934
6,3,5,177,708,285,48,150,300,0.994,7.222012e-06,0.995,0.2936528,0.29364443,8.374223e-06,0.0,4.9616243e-05,92.502174,87.583885,15.363141,15.0,0.1982,0.782,0.0198,0.9858
6,4,1,219,876,351,48,186,372,0.97,0.00030323365,0.9666,0.29399273,0.29364443,0.0003482821,0.0,0.0019772078,92.748,87.57185,15.154967,15.0,0.2014,0.7986,0.0,0.9944
6,4,2,219,876,351,48,186,372,0.965,0.0004016869,0.9636,0.2940549,0.29364443,0.0004104723,0.0,0.0022220162,92.76907,87.57185,15.15123,15.0,0.1976,0.8024,0.0,0.9918
6,4,3,219,876,351,48,186,372,0.775,0.024301914,0.7794,0.3211544,0.29364443,0.027509967,0.0,0.14610551,101.43956,100.58226,16.512,18.0,0.0,1.0,0.0,1.0
6,4,4,219,876,351,48,186,372,0.982,0.000100069556,0.9784,0.29378432,0.29364443,0.00013988315,0.0,0.0009262674,92.682,87.63542,15.219711,15.0,0.2014,0.7946,0.004,0.9786
6,4,5,219,876,351,48,186,372,0.986,5.504617e-05,0.9876,0.29370147,0.29364443,5.7020057e-05,0.0,0.00032246733,92.53566,87.63542,15.351325,15.0,0.2,0.7806,0.0194,0.9862
6,5,1,261,1044,417,48,222,444,0.775,0.024301914,0.7794,0.3211544,0.29364443,0.027509967,0.0,0.14610551,101.43956,100.58226,16.512,18.0,0.0,1.0,0.0,1.0
6,5,2,261,1044,417,48,222,444,0.875,0.008284331,0.8814,0.30175647,0.29364443,0.008112036,0.0,0.032565434,96.50215,90.495415,14.880309,15.0,0.2004,0.7996,0.0,0.9862
6,5,3,261,1044,417,48,222,444,0.775,0.024301914,0.7794,0.3211544,0.29364443,0.027509967,0.0,0.14610551,101.43956,100.58226,16.512,18.0,0.0,1.0,0.0,1.0
6,5,4,261,1044,417,48,222,444,0.883,0.0070555545,0.891,0.30059093,0.29364443,0.0069465055,0.0,0.027350446,96.0388,89.649734,14.85975,15.0,0.1948,0.8052,0.0,0.9952
6,5,5,261,1044,417,48,222,444,0.986,6.930803e-05,0.9846,0.2937221,0.29364443,7.763785e-05,0.0,0.00043792278,92.620445,87.583885,15.275303,15.0,0.1942,0.7948,0.011,0.9812
6,6,1,303,1212,483,48,258,516,0.775,0.024301914,0.7794,0.3211544,0.29364443,0.027509967,0.0,0.14610551,101.43956,100.58226,16.512,18.0,0.0,1.0,0.0,1.0
6,6,2,303,1212,483,48,258,516,0.966,0.00037748247,0.9656,0.29400507,0.29364443,0.00036062332,0.0,0.0019992788,92.786835,87.57185,15.1369095,15.0,0.1966,0.8034,0.0,0.9936
6,6,3,303,1212,483,48,258,516,0.775,0.024301914,0.7794,0.3211544,0.29364443,0.027509967,0.0,0.14610551,101.43956,100.58226,16.512,18.0,0.0,1.0,0.0,1.0
6,6,4,303,1212,483,48,258,516,0.775,0.024301914,0.7794,0.3211544,0.29364443,0.027509967,0.0,0.14610551,101.43956,100.58226,16.512,18.0,0.0,1.0,0.0,1.0
6,6,5,303,1212,483,48,258,516,0.984,9.833758e-05,0.983,0.2937398,0.29364443,9.5352334e-05,0.0,0.00053185766,92.60504,87.637184,15.279265,15.0,0.2016,0.788,0.0104,0.983
6,8,1,387,1548,615,48,330,660,0.978,0.00015691844,0.973,0.29387838,0.29364443,0.0002339337,0.0,0.0013615075,92.76131,87.637184,15.219359,15.0,0.202,0.795,0.003,0.9838
6,8,2,387,1548,615,48,330,660,0.867,0.009663576,0.874,0.30298266,0.29364443,0.009338238,0.0,0.03728723,97.017685,90.66078,14.898286,15.0,0.1896,0.8104,0.0,0.9834
6,8,3,387,1548,615,48,330,660,0.775,0.024301914,0.7794,0.3211544,0.29364443,0.027509967,0.0,0.14610551,101.43956,100.58226,16.512,18.0,0.0,1.0,0.0,1.0
6,8,4,387,1548,615,48,330,660,0.775,0.024301914,0.7794,0.3211544,0.29364443,0.027509967,0.0,0.14610551,101.43956,100.58226,16.512,18.0,0.0,1.0,0.0,1.0
6,8,5,387,1548,615,48,330,660,0.983,9.387697e-05,0.9788,0.2937915,0.29364443,0.00014705917,0.0,0.0009609558,92.72854,87.63542,15.197597,15.0,0.1962,0.7998,0.004,0.969
8,1,1,139,556,215,64,120,240,0.996,1.3835579e-06,0.9976,0.2936458,0.29364443,1.3615578e-06,0.0,6.356299e-06,92.47699,87.6028,15.386192,15.0,0.1986,0.7798,0.0216,0.9808
8,1,2,139,556,215,64,120,240,0.998,7.851467e-06,0.9964,0.2936525,0.29364443,8.052456e-06,0.0,4.294529e-05,92.47768,87.583885,15.3710575,15.0,0.1978,0.7826,0.0196,0.9902
8,1,3,139,556,215,64,120,240,0.993,1.8172816e-05,0.993,0.2936626,0.29364443,1.8146855e-05,0.0,9.575275e-05,92.50168,87.61163,15.366094,15.0,0.2008,0.7802,0.019,0.9878
8,1,4,139,556,215,64,120,240,0.976,0.00017910873,0.9744,0.29385084,0.29364443,0.00020640297,0.0,0.0011282853,92.449104,87.61163,15.459919,15.0,0.2018,0.7678,0.0304,0.9942
8,1,5,139,556,215,64,120,240,0.997,9.2734845e-06,0.9986,0.29364535,0.29364443,9.374589e-07,0.0,3.7073023e-06,92.48347,87.6028,15.379247,15.0,0.1988,0.7804,0.0208,0.9932
8,2,1,211,844,319,64,184,368,0.997,7.568434e-06,0.9972,0.2936464,0.29364443,1.9571573e-06,0.0,1.0726662e-05,92.46783,87.6028,15.389514,15.0,0.199,0.7794,0.0216,0.97
8,2,2,211,844,319,64,184,368,0.998,6.1414244e-06,0.9986,0.29364514,0.29364443,7.070512e-07,0.0,2.6643527e-06,92.47748,87.6028,15.3845625,15.0,0.1994,0.7792,0.0214,0.9874
8,2,3,211,844,319,64,184,368,0.997,2.7868598e-06,0.999,0.29364532,0.29364443,8.9636444e-07,0.0,5.2174573e-06,92.471985,87.61163,15.385784,15.0,0.1996,0.7792,0.0212,0.985
8,2,4,211,844,319,64,184,368,0.989,5.7841105e-05,0.9856,0.29373085,0.29364443,8.643043e-05,0.0,0.00041971693,92.57512,87.61163,15.305696,15.0,0.1992,0.7864,0.0144,0.9902
8,2,5,211,844,319,64,184,368,0.997,3.632471e-06,0.9962,0.29364792,0.29364443,3.4664245e-06,0.0,1.8575269e-05,92.45791,87.6028,15.404481,15.0,0.1984,0.7784,0.0232,0.9848
8,3,1,283,1132,423,64,248,496,0.998,1.6662479e-07,0.9966,0.29364863,0.29364443,4.190081e-06,0.0,2.4906874e-05,92.44519,87.6028,15.414643,15.0,0.1994,0.7768,0.0238,0.9906
8,3,2,283,1132,423,64,248,496,0.998,1.105845e-06,0.9982,0.29364565,0.29364443,1.2190432e-06,0.0,6.342736e-06,92.49244,87.6028,15.370918,15.0,0.199,0.7808,0.0202,0.989
8,3,3,283,1132,423,64,248,496,0.987,8.4947795e-05,0.9854,0.2937356,0.29364443,9.116133e-05,0.0,0.00045705028,92.57419,87.62355,15.307274,15.0,0.2014,0.7848,0.0138,0.9872
8,3,4,283,1132,423,64,248,496,0.992,8.602589e-06,0.9954,0.29365224,0.29364443,7.807284e-06,0.0,4.2550582e-05,92.470184,87.583885,15.376244,15.0,0.1996,0.7804,0.02,0.9882
8,3,5,283,1132,423,64,248,496,0.989,3.3545777e-05,0.9906,0.2936683,0.29364443,2.3852246e-05,0.0,9.9683406e-05,92.432304,87.57185,15.427239,15.0,0.1946,0.78,0.0254,0.9838
8,4,1,355,1420,527,64,312,624,0.996,9.884372e-06,0.995,0.29365024,0.29364443,5.796182e-06,0.0,3.2684122e-05,92.460495,87.583885,15.396218,15.0,0.1984,0.7796,0.022,0.9848
8,4,2,355,1420,527,64,312,624,0.982,0.00012414253,0.9758,0.2938212,0.29364443,0.00017676411,0.0,0.0012053591,92.74138,87.637184,15.186504,15.0,0.2,0.7984,0.0016,0.9732
8,4,3,355,1420,527,64,312,624,0.99,2.4816767e-05,0.9912,0.29367626,0.29364443,3.1847943e-05,0.0,0.00012687927,92.51238,87.637184,15.356497,15.0,0.2044,0.7786,0.017,0.981
8,4,4,355,1420,527,64,312,624,0.994,7.800892e-06,0.9968,0.29365048,0.29364443,6.0529023e-06,0.0,2.4748722e-05,92.48963,87.61163,15.368611,15.0,0.2012,0.7794,0.0194,0.9792
8,4,5,355,1420,527,64,312,624,0.996,1.6120821e-06,0.9974,0.29364833,0.29364443,3.9011657e-06,0.0,1.4465993e-05,92.46856,87.57185,15.384648,15.0,0.1978,0.7808,0.0214,0.985
8,5,1,427,1708,631,64,376,752,0.99,2.9950797e-05,0.9924,0.29367635,0.29364443,3.189618e-05,0.0,0.00021204095,92.5819,87.61163,15.303709,15.0,0.1988,0.7866,0.0146,0.9846
8,5,2,427,1708,631,64,376,752,0.995,2.767816e-06,0.9968,0.29364702,0.29364443,2.5596262e-06,0.0,1.3265065e-05,92.450676,87.583885,15.403416,15.0,0.1986,0.7786,0.0228,0.9786
8,5,3,427,1708,631,64,376,752,0.775,0.024301914,0.7794,0.3211544,0.29364443,0.027509967,0.0,0.14610551,101.43956,100.58226,16.512,18.0,0.0,1.0,0.0,1.0
8,5,4,427,1708,631,64,376,752,0.99,4.279062e-05,0.9886,0.29369733,0.29364443,5.2874995e-05,0.0,0.00031574065,92.584465,87.63542,15.294258,15.0,0.2006,0.7866,0.0128,0.9714
8,5,5,427,1708,631,64,376,752,1.0,0.0,0.9982,0.29364523,0.29364443,8.0209077e-07,0.0,3.2365472e-06,92.48325,87.6028,15.383839,15.0,0.1988,0.7796,0.0216,0.9786
8,6,1,499,1996,735,64,440,880,0.983,9.741491e-05,0.9798,0.29377654,0.29364443,0.00013210184,0.0,0.00088396226,92.69937,87.63542,15.209768,15.0,0.199,0.7968,0.0042,0.9734
8,6,2,499,1996,735,64,440,880,0.983,9.387697e-05,0.978,0.29379618,0.29364443,0.0001517797,0.0,0.0010208399,92.72503,87.63542,15.196062,15.0,0.1988,0.7982,0.003,0.9724
8,6,3,499,1996,735,64,440,880,0.982,8.11839e-05,0.979,0.2937747,0.29364443,0.00013025415,0.0,0.00077719847,92.64659,87.65759,15.24311,15.0,0.2054,0.7884,0.0062,0.9792
8,6,4,499,1996,735,64,440,880,0.988,6.7852554e-05,0.9818,0.29375395,0.29364443,0.00010953681,0.0,0.00056482153,92.588165,87.6028,15.304218,15.0,0.1984,0.79,0.0116,0.9764
8,6,5,499,1996,735,64,440,880,0.775,0.024301914,0.7794,0.3211544,0.29364443,0.027509967,0.0,0.14610551,101.43956,100.58226,16.512,18.0,0.0,1.0,0.0,1.0
8,8,1,643,2572,943,64,568,1136,0.982,0.00012846352,0.9764,0.29382128,0.29364443,0.00017684238,0.0,0.0010976744,92.68431,87.62355,15.234109,15.0,0.1966,0.799,0.0044,0.9804
8,8,2,643,2572,943,64,568,1136,0.977,0.00019380024,0.973,0.29387644,0.29364443,0.00023200398,0.0,0.0015590668,92.76615,87.63542,15.17981,15.0,0.1982,0.8018,0.0,0.9816
8,8,3,643,2572,943,64,568,1136,0.985,7.0463764e-05,0.9848,0.29372302,0.29364443,7.85893e-05,0.0,0.00046474778,92.60671,87.63542,15.282494,15.0,0.1968,0.7926,0.0106,0.969
8,8,4,643,2572,943,64,568,1136,0.984,9.4771145e-05,0.9782,0.2937886,0.29364443,0.0001441809,0.0,0.00094905635,92.70404,87.637184,15.198629,15.0,0.2014,0.7948,0.0038,0.9396
8,8,5,643,2572,943,64,568,1136,0.988,6.566231e-05,0.9854,0.2937316,0.29364443,8.716621e-05,0.0,0.0004832038,92.59102,87.63542,15.286353,15.0,0.2018,0.787,0.0112,0.9746
10,1,1,193,772,285,80,170,340,1.0,0.0,0.9988,0.29364496,0.29364443,5.377978e-07,0.0,2.819347e-06,92.47686,87.6028,15.384244,15.0,0.1994,0.7794,0.0212,0.9926
10,1,2,193,772,285,80,170,340,0.985,6.8736794e-05,0.9802,0.29376552,0.29364443,0.00012106743,0.0,0.0006906929,92.410416,87.6028,15.4722,15.0,0.198,0.7716,0.0304,0.9908
10,1,3,193,772,285,80,170,340,0.992,5.8289766e-06,0.9978,0.293646,0.29364443,1.5821875e-06,0.0,8.282091e-06,92.475266,87.6028,15.38689,15.0,0.1992,0.7792,0.0216,0.9908
10,1,4,193,772,285,80,170,340,1.0,0.0,0.9976,0.2936497,0.29364443,5.2915066e-06,0.0,2.069199e-05,92.486015,87.62355,15.379758,15.0,0.201,0.7782,0.0208,0.9842
10,1,5,193,772,285,80,170,340,0.996,2.1919311e-06,0.9978,0.29364654,0.29364443,2.1258145e-06,0.0,9.143389e-06,92.492805,87.583885,15.378409,15.0,0.1984,0.7804,0.0212,0.9926
10,2,1,303,1212,435,80,270,540,0.997,2.3127495e-06,0.998,0.29364717,0.29364443,2.7097642e-06,0.0,1.2041824e-05,92.48242,87.583885,15.377516,15.0,0.1988,0.7806,0.0206,0.982
10,2,2,303,1212,435,80,270,540,0.998,3.4008474e-06,0.998,0.293646,0.29364443,1.5745431e-06,0.0,6.2000604e-06,92.48422,87.583885,15.377541,15.0,0.1982,0.781,0.0208,0.99
10,2,3,303,1212,435,80,270,540,0.996,7.77255e-06,0.999,0.2936452,0.29364443,7.723898e-07,0.0,3.7625455e-06,92.48055,87.61163,15.382278,15.0,0.2,0.7788,0.0212,0.9826
10,2,4,303,1212,435,80,270,540,0.999,5.4621694e-07,0.9988,0.29364532,0.29364443,8.6321234e-07,0.0,3.8692556e-06,92.47064,87.6028,15.384357,15.0,0.1988,0.7802,0.021,0.9744
10,2,5,303,1212,435,80,270,540,0.996,7.577866e-06,0.997,0.29364634,0.29364443,1.9155889e-06,0.0,1.0980532e-05,92.4464,87.6028,15.409197,15.0,0.1988,0.778,0.0232,0.9806
10,3,1,413,1652,585,80,370,740,0.994,8.9865025e-06,0.9958,0.29365155,0.29364443,7.097557e-06,0.0,3.2889304e-05,92.45323,87.583885,15.397904,15.0,0.1972,0.7804,0.0224,0.9824
10,3,2,413,1652,585,80,370,740,0.993,1.2568772e-05,0.9984,0.29364708,0.29364443,2.6324124e-06,0.0,9.018153e-06,92.472176,87.61163,15.38303,15.0,0.2004,0.7786,0.021,0.9832
10,3,3,413,1652,585,80,370,740,0.991,1.6549095e-05,0.9942,0.29366338,0.29364443,1.8940565e-05,0.0,6.535594e-05,92.4649,87.63542,15.389565,15.0,0.2036,0.7764,0.02,0.98
10,3,4,413,1652,585,80,370,740,0.996,1.1942685e-06,0.9988,0.29364502,0.29364443,5.908102e-07,0.0,2.9857874e-06,92.476135,87.61163,15.382614,15.0,0.1992,0.7798,0.021,0.987
10,3,5,413,1652,585,80,370,740,0.996,7.77255e-06,0.9974,0.29364628,0.29364443,1.8274933e-06,0.0,9.478207e-06,92.471504,87.6028,15.385997,15.0,0.1992,0.7796,0.0212,0.9862
10,4,1,523,2092,735,80,470,940,0.99,1.6961783e-05,0.9926,0.29366145,0.29364443,1.7011673e-05,0.0,9.5924115e-05,92.454414,87.583885,15.397864,15.0,0.1992,0.7784,0.0224,0.983
10,4,2,523,2092,735,80,470,940,0.992,1.2192249e-05,0.9978,0.29364884,0.29364443,4.4007e-06,0.0,1.7131395e-05,92.4853,87.61163,15.3806,15.0,0.2012,0.7776,0.0212,0.9774
10,4,3,523,2092,735,80,470,940,0.995,5.1237344e-06,0.998,0.29364792,0.29364443,3.4569025e-06,0.0,1.4332545e-05,92.49608,87.62355,15.368801,15.0,0.2004,0.7798,0.0198,0.9844
10,4,4,523,2092,735,80,470,940,0.987,8.496895e-05,0.9858,0.2937317,0.29364443,8.7245906e-05,0.0,0.0004077232,92.52686,87.57185,15.335955,15.0,0.1978,0.7856,0.0166,0.9896
10,4,5,523,2092,735,80,470,940,0.986,8.3937186e-05,0.9806,0.29376402,0.29364443,0.00011958497,0.0,0.00066118146,92.639915,87.63542,15.264362,15.0,0.1994,0.7914,0.0092,0.9868
10,5,1,633,2532,885,80,570,1140,0.976,0.00018211786,0.9766,0.29383835,0.29364443,0.00019392109,0.0,0.0012878836,92.74998,87.637184,15.202552,15.0,0.1968,0.7996,0.0036,0.981
10,5,2,633,2532,885,80,570,1140,0.996,4.7763733e-06,0.997,0.29364738,0.29364443,2.9462158e-06,0.0,1.6213338e-05,92.48195,87.583885,15.379247,15.0,0.1986,0.7808,0.0206,0.9864
10,5,3,633,2532,885,80,570,1140,0.989,4.3853805e-05,0.9848,0.2937324,0.29364443,8.796135e-05,0.0,0.00058194366,92.583916,87.63542,15.299031,15.0,0.201,0.7874,0.0116,0.978
10,5,4,633,2532,885,80,570,1140,0.984,8.146883e-05,0.9766,0.29380083,0.29364443,0.00015638238,0.0,0.0010190177,92.69468,87.637184,15.212403,15.0,0.2022,0.7944,0.0034,0.987
10,5,5,633,2532,885,80,570,1140,0.984,8.113968e-05,0.9764,0.29379907,0.29364443,0.00015462266,0.0,0.0009959108,92.677574,87.63542,15.22223,15.0,0.1992,0.797,0.0038,0.9818
10,6,1,743,2972,1035,80,670,1340,0.995,5.3078534e-06,0.9964,0.29364702,0.29364443,2.5901347e-06,0.0,1.3399208e-05,92.45565,87.6028,15.404016,15.0,0.1986,0.7782,0.0232,0.9764
10,6,2,743,2972,1035,80,670,1340,0.996,2.7962924e-06,0.9966,0.29364735,0.29364443,2.941972e-06,0.0,1.5471776e-05,92.47124,87.583885,15.389134,15.0,0.1984,0.7796,0.022,0.9824
10,6,3,743,2972,1035,80,670,1340,0.985,6.0782553e-05,0.979,0.29377767,0.29364443,0.00013322591,0.0,0.0006884446,92.57895,87.6835,15.30258,15.0,0.2084,0.7824,0.0092,0.9812
10,6,4,743,2972,1035,80,670,1340,0.986,6.7881745e-05,0.9828,0.29374078,0.29364443,9.633967e-05,0.0,0.00062247115,92.649025,87.61163,15.242824,15.0,0.1974,0.7954,0.0072,0.9574
10,6,5,743,2972,1035,80,670,1340,0.775,0.024301914,0.7794,0.3211544,0.29364443,0.027509967,0.0,0.14610551,101.43956,100.58226,16.512,18.0,0.0,1.0,0.0,1.0
10,8,1,963,3852,1335,80,870,1740,0.992,2.594985e-05,0.9878,0.29370043,0.29364443,5.5999375e-05,0.0,0.00028077626,92.573975,87.583885,15.308185,15.0,0.1942,0.7912,0.0146,0.9838
10,8,2,963,3852,1335,80,870,1740,0.985,8.5686996e-05,0.9808,0.29376644,0.29364443,0.00012198527,0.0,0.0007822406,92.61861,87.637184,15.265525,15.0,0.1994,0.7934,0.0072,0.9768
10,8,3,963,3852,1335,80,870,1740,0.989,3.6246256e-05,0.9872,0.29370457,0.29364443,6.0135935e-05,0.0,0.00031644746,92.57811,87.63542,15.305153,15.0,0.1964,0.7902,0.0134,0.9818
10,8,4,963,3852,1335,80,870,1740,0.975,0.00017585068,0.9722,0.29385644,0.29364443,0.0002120098,0.0,0.0013231111,92.72614,87.65759,15.205717,15.0,0.2078,0.7902,0.002,0.9764
10,8,5,963,3852,1335,80,870,1740,0.979,0.00013543451,0.9756,0.29382318,0.29364443,0.00017874119,0.0,0.001217949,92.74034,87.63542,15.186993,15.0,0.2002,0.7982,0.0016,0.9774
12,1,1,255,1020,363,96,228,456,1.0,0.0,0.9974,0.29364634,0.29364443,1.8940598e-06,0.0,9.071829e-06,92.46676,87.6028,15.393684,15.0,0.1984,0.7796,0.022,0.9862
12,1,2,255,1020,363,96,228,456,0.992,1.7437338e-05,0.9972,0.2936502,0.29364443,5.7936877e-06,0.0,2.6699936e-05,92.49582,87.62355,15.366338,15.0,0.2008,0.7796,0.0196,0.9926
12,1,3,255,1020,363,96,228,456,0.992,9.736836e-06,0.9982,0.29364574,0.29364443,1.3210803e-06,0.0,7.168166e-06,92.47294,87.61163,15.389478,15.0,0.2,0.778,0.022,0.9888
12,1,4,255,1020,363,96,228,456,1.0,0.0,0.998,0.2936458,0.29364443,1.3613374e-06,0.0,5.321778e-06,92.48446,87.6028,15.3771715,15.0,0.1982,0.781,0.0208,0.9878
12,1,5,255,1020,363,96,228,456,0.999,2.529025e-07,0.998,0.29364613,0.29364443,1.6930729e-06,0.0,6.916207e-06,92.47372,87.583885,15.385143,15.0,0.1982,0.7806,0.0212,0.9904
12,2,1,411,1644,567,96,372,744,0.997,6.687641e-06,0.9992,0.2936457,0.29364443,1.2746126e-06,0.0,6.110775e-06,92.49265,87.61163,15.375455,15.0,0.2002,0.779,0.0208,0.9886
12,2,2,411,1644,567,96,372,744,0.994,3.268987e-06,0.9978,0.293646,0.29364443,1.5397341e-06,0.0,8.2901615e-06,92.46228,87.6028,15.394414,15.0,0.1988,0.7792,0.022,0.9864
12,2,3,411,1644,567,96,372,744,0.993,9.3004855e-06,0.998,0.29364634,0.29364443,1.9046486e-06,0.0,1.06463085e-05,92.465805,87.6028,15.389158,15.0,0.1988,0.7798,0.0214,0.9894
12,2,4,411,1644,567,96,372,744,0.996,3.7961156e-06,0.998,0.29364622,0.29364443,1.7989993e-06,0.0,7.2965845e-06,92.468666,87.583885,15.384438,15.0,0.1986,0.7802,0.0212,0.9896
12,2,5,411,1644,567,96,372,744,0.998,2.7383865e-07,0.999,0.29364488,0.29364443,4.4410527e-07,0.0,1.9491217e-06,92.48338,87.6028,15.379031,15.0,0.1992,0.78,0.0208,0.9874
12,3,1,567,2268,771,96,516,1032,0.994,5.390599e-06,0.9992,0.29364526,0.29364443,8.154571e-07,0.0,2.379864e-06,92.47435,87.61163,15.384543,15.0,0.2002,0.7786,0.0212,0.9798
12,3,2,567,2268,771,96,516,1032,0.998,1.105845e-06,0.997,0.2936475,0.29364443,3.049195e-06,0.0,1.6549746e-05,92.476845,87.583885,15.3794155,15.0,0.1986,0.7808,0.0206,0.9926
12,3,3,567,2268,771,96,516,1032,0.995,8.7103845e-06,0.9948,0.29366046,0.29364443,1.6024065e-05,0.0,4.5746474e-05,92.43804,87.637184,15.413516,15.0,0.2036,0.7742,0.0222,0.9832
12,3,4,567,2268,771,96,516,1032,0.988,3.3071115e-05,0.9882,0.2936898,0.29364443,4.5347588e-05,0.0,0.00027863617,92.48705,87.61163,15.387778,15.0,0.1984,0.7792,0.0224,0.9834
12,3,5,567,2268,771,96,516,1032,0.995,4.092157e-06,0.9944,0.29365277,0.29364443,8.34445e-06,0.0,4.7108053e-05,92.430016,87.583885,15.427475,15.0,0.1984,0.7766,0.025,0.9856
12,4,1,723,2892,975,96,660,1320,1.0,0.0,0.9986,0.2936456,0.29364443,1.1426418e-06,0.0,4.7008725e-06,92.473434,87.583885,15.381944,15.0,0.1988,0.7804,0.0208,0.9806
12,4,2,723,2892,975,96,660,1320,0.996,3.006652e-06,0.9974,0.29364708,0.29364443,2.6140333e-06,0.0,1.4566996e-05,92.48698,87.583885,15.369926,15.0,0.1988,0.7816,0.0196,0.9798
12,4,3,723,2892,975,96,660,1320,0.997,6.687641e-06,0.9984,0.29364586,0.29364443,1.4079719e-06,0.0,4.1761546e-06,92.47423,87.6028,15.381143,15.0,0.1998,0.7794,0.0208,0.976
12,4,4,723,2892,975,96,660,1320,0.996,4.5775173e-06,0.9972,0.2936483,0.29364443,3.862527e-06,0.0,2.3302426e-05,92.45425,87.61163,15.407549,15.0,0.1998,0.777,0.0232,0.987
12,4,5,723,2892,975,96,660,1320,0.993,6.325543e-06,0.997,0.29364792,0.29364443,3.4759046e-06,0.0,1.8773648e-05,92.46511,87.583885,15.39482,15.0,0.1992,0.7784,0.0224,0.984
12,5,1,879,3516,1179,96,804,1608,0.996,2.4268031e-06,0.998,0.29364628,0.29364443,1.8372715e-06,0.0,1.1146757e-05,92.4994,87.61163,15.365978,15.0,0.1994,0.781,0.0196,0.9796
12,5,2,879,3516,1179,96,804,1608,0.996,2.807796e-06,0.9968,0.29364938,0.29364443,4.9411506e-06,0.0,2.4666733e-05,92.48574,87.62355,15.374947,15.0,0.2002,0.7798,0.02,0.9838
12,5,3,879,3516,1179,96,804,1608,0.998,1.6662479e-07,0.9976,0.293646,0.29364443,1.5705854e-06,0.0,6.754926e-06,92.47074,87.6028,15.389903,15.0,0.198,0.7802,0.0218,0.9852
12,5,4,879,3516,1179,96,804,1608,0.995,6.1486066e-06,0.9978,0.29364845,0.29364443,4.026097e-06,0.0,2.4324008e-05,92.49563,87.61163,15.364887,15.0,0.1994,0.7812,0.0194,0.99
12,5,5,879,3516,1179,96,804,1608,0.996,2.6587695e-06,0.9974,0.29364657,0.29364443,2.1351905e-06,0.0,1.0770088e-05,92.47219,87.583885,15.383415,15.0,0.1986,0.7804,0.021,0.9852
12,6,1,1035,4140,1383,96,948,1896,0.999,2.0936131e-08,0.9962,0.29364818,0.29364443,3.7460775e-06,0.0,1.9372956e-05,92.45681,87.583885,15.403541,15.0,0.1982,0.7788,0.023,0.9858
12,6,2,1035,4140,1383,96,948,1896,0.996,1.993075e-06,0.9958,0.29365176,0.29364443,7.312375e-06,0.0,2.7716791e-05,92.46799,87.583885,15.39,15.0,0.197,0.7808,0.0222,0.9866
12,6,3,1035,4140,1383,96,948,1896,0.993,7.7552495e-06,0.9944,0.2936564,0.29364443,1.1970282e-05,0.0,7.881712e-05,92.44838,87.583885,15.4085455,15.0,0.1988,0.7778,0.0234,0.9804
12,6,4,1035,4140,1383,96,948,1896,0.984,7.386446e-05,0.9808,0.29375547,0.29364443,0.00011104984,0.0,0.0006954581,92.641716,87.637184,15.245107,15.0,0.2032,0.7902,0.0066,0.9744
12,6,5,1035,4140,1383,96,948,1896,0.996,2.1919311e-06,0.9978,0.2936469,0.29364443,2.4685055e-06,0.0,1.3362511e-05,92.48625,87.6028,15.378914,15.0,0.1984,0.7808,0.0208,0.986
12,8,1,1347,5388,1791,96,1236,2472,0.99,3.3541768e-05,0.987,0.2937067,0.29364443,6.225168e-05,0.0,0.0003839123,92.56183,87.63542,15.303953,15.0,0.202,0.7852,0.0128,0.984
12,8,2,1347,5388,1791,96,1236,2472,0.987,5.3324788e-05,0.9838,0.29372877,0.29364443,8.433184e-05,0.0,0.0005428916,92.64299,87.63542,15.249631,15.0,0.1998,0.7918,0.0084,0.9868
12,8,3,1347,5388,1791,96,1236,2472,0.991,2.1629721e-05,0.9924,0.29367098,0.29364443,2.653921e-05,0.0,0.0001233757,92.47686,87.63542,15.3686905,15.0,0.2028,0.779,0.0182,0.9716
12,8,4,1347,5388,1791,96,1236,2472,0.989,1.6816884e-05,0.9924,0.29366666,0.29364443,2.2252125e-05,0.0,0.00011217764,92.49585,87.63542,15.356888,15.0,0.2002,0.7814,0.0184,0.9762
12,8,5,1347,5388,1791,96,1236,2472,0.99,4.0489198e-05,0.9876,0.29370302,0.29364443,5.8579804e-05,0.0,0.00028818968,92.58868,87.6028,15.307788,15.0,0.1948,0.791,0.0142,0.9862
16,1,1,403,1612,543,128,368,736,0.999,1.0849088e-06,0.9992,0.29364485,0.29364443,4.169613e-07,0.0,2.4842468e-06,92.48902,87.61163,15.374349,15.0,0.1998,0.7798,0.0204,0.9908
16,1,2,403,1612,543,128,368,736,0.998,5.671531e-07,0.998,0.2936461,0.29364443,1.6654819e-06,0.0,1.0049357e-05,92.46389,87.61163,15.397948,15.0,0.1998,0.7778,0.0224,0.9924
16,1,3,403,1612,543,128,368,736,0.999,5.4621694e-07,0.9994,0.29364464,0.29364443,1.9733906e-07,0.0,1.0844981e-06,92.482445,87.61163,15.380348,15.0,0.1998,0.7792,0.021,0.9914
16,1,4,403,1612,543,128,368,736,0.998,5.671531e-07,0.999,0.293645,0.29364443,5.536735e-07,0.0,3.346846e-06,92.491234,87.61163,15.372349,15.0,0.1998,0.78,0.0202,0.9874
16,1,5,403,1612,543,128,368,736,0.996,3.7961156e-06,0.9986,0.29364547,0.29364443,1.0204733e-06,0.0,5.1702327e-06,92.48391,87.6028,15.38189,15.0,0.1996,0.7792,0.0212,0.9932
16,2,1,675,2700,879,128,624,1248,0.998,3.9859117e-07,0.9992,0.29364473,0.29364443,2.731502e-07,0.0,7.0585327e-07,92.48779,87.61163,15.379929,15.0,0.199,0.7798,0.0212,0.9862
16,2,2,675,2700,879,128,624,1248,0.997,1.0485799e-06,0.9982,0.29364544,0.29364443,9.930819e-07,0.0,4.9247e-06,92.4832,87.6028,15.383951,15.0,0.199,0.7796,0.0214,0.9896
16,2,3,675,2700,879,128,624,1248,0.998,5.671531e-07,0.9986,0.293646,0.29364443,1.5437514e-06,0.0,7.862918e-06,92.48424,87.61163,15.383125,15.0,0.2002,0.7784,0.0214,0.9922
16,2,4,675,2700,879,128,624,1248,0.997,6.687641e-06,0.9994,0.29364488,0.29364443,4.3199955e-07,0.0,1.6407918e-06,92.485634,87.61163,15.377479,15.0,0.2,0.7792,0.0208,0.9898
16,2,5,675,2700,879,128,624,1248,0.998,1.0276436e-06,0.9978,0.29364613,0.29364443,1.6832561e-06,0.0,7.006976e-06,92.4774,87.583885,15.383869,15.0,0.198,0.7808,0.0212,0.9928
16,3,1,947,3788,1215,128,880,1760,0.996,8.582771e-07,0.9996,0.2936445,0.29364443,3.824532e-08,0.0,2.3692341e-07,92.48073,87.61163,15.381877,15.0,0.1996,0.7794,0.021,0.9862
16,3,2,947,3788,1215,128,880,1760,0.996,9.657442e-07,0.999,0.29364482,0.29364443,3.6540925e-07,0.0,2.0998825e-06,92.4721,87.61163,15.389949,15.0,0.1998,0.7784,0.0218,0.9874
16,3,3,947,3788,1215,128,880,1760,0.994,5.390599e-06,0.9986,0.29364535,0.29364443,9.120643e-07,0.0,4.4614812e-06,92.46644,87.61163,15.390916,15.0,0.1998,0.7784,0.0218,0.9892
16,3,4,947,3788,1215,128,880,1760,0.997,1.8805862e-06,0.9992,0.29364505,0.29364443,6.1925056e-07,0.0,3.88332e-06,92.4844,87.61163,15.378676,15.0,0.1996,0.7798,0.0206,0.9912
16,3,5,947,3788,1215,128,880,1760,0.998,1.105845e-06,0.9978,0.2936462,0.29364443,1.7604024e-06,0.0,8.098331e-06,92.49616,87.583885,15.371016,15.0,0.1986,0.7812,0.0202,0.9886
16,4,1,1219,4876,1551,128,1136,2272,0.997,8.3734096e-07,0.9976,0.293646,0.29364443,1.5854865e-06,0.0,6.845076e-06,92.475945,87.6028,15.385103,15.0,0.198,0.7806,0.0214,0.9896
16,4,2,1219,4876,1551,128,1136,2272,0.996,1.9757897e-06,0.9978,0.2936487,0.29364443,4.2560814e-06,0.0,1.3001548e-05,92.46646,87.62355,15.382646,15.0,0.2014,0.778,0.0206,0.9894
16,4,3,1219,4876,1551,128,1136,2272,0.993,1.635243e-05,0.9966,0.29365456,0.29364443,1.0131636e-05,0.0,2.7894223e-05,92.46165,87.63542,15.3933735,15.0,0.2026,0.7764,0.021,0.984
16,4,4,1219,4876,1551,128,1136,2272,0.995,4.162386e-06,0.998,0.29364607,0.29364443,1.644519e-06,0.0,9.013775e-06,92.48476,87.61163,15.374156,15.0,0.1996,0.7802,0.0202,0.9862
16,4,5,1219,4876,1551,128,1136,2272,0.997,1.1733323e-06,0.9982,0.2936454,0.29364443,9.840876e-07,0.0,3.6362994e-06,92.483986,87.6028,15.379611,15.0,0.1982,0.7808,0.021,0.9886
16,5,1,1491,5964,1887,128,1392,2784,0.996,9.432927e-06,0.9984,0.2936455,0.29364443,1.0409773e-06,0.0,5.94033e-06,92.4708,87.61163,15.391366,15.0,0.1994,0.7786,0.022,0.989
16,5,2,1491,5964,1887,128,1392,2784,0.997,1.7228872e-06,0.9986,0.29364547,0.29364443,1.003164e-06,0.0,4.860022e-06,92.49975,87.61163,15.369199,15.0,0.1998,0.78,0.0202,0.9844
16,5,3,1491,5964,1887,128,1392,2784,0.993,1.0902569e-05,0.9948,0.2936607,0.29364443,1.6238404e-05,0.0,7.874431e-05,92.50934,87.62355,15.359828,15.0,0.2022,0.779,0.0188,0.9838
16,5,4,1491,5964,1887,128,1392,2784,0.995,2.2128672e-06,0.9984,0.29364532,0.29364443,8.72311e-07,0.0,3.973021e-06,92.4778,87.61163,15.385753,15.0,0.1986,0.7798,0.0216,0.9842
16,5,5,1491,5964,1887,128,1392,2784,0.997,1.0485799e-06,0.997,0.2936468,0.29364443,2.3890912e-06,0.0,1.2887372e-05,92.4682,87.6028,15.398239,15.0,0.1988,0.7784,0.0228,0.9828
16,6,1,1763,7052,2223,128,1648,3296,0.997,8.3734096e-07,0.998,0.2936454,0.29364443,9.670317e-07,0.0,4.819553e-06,92.473785,87.6028,15.388048,15.0,0.1988,0.7794,0.0218,0.9822
16,6,2,1763,7052,2223,128,1648,3296,0.998,1.105845e-06,0.998,0.2936458,0.29364443,1.3810575e-06,0.0,7.502103e-06,92.4865,87.6028,15.371169,15.0,0.199,0.781,0.02,0.9844
16,6,3,1763,7052,2223,128,1648,3296,0.99,3.396955e-05,0.9888,0.29369515,0.29364443,5.0721515e-05,0.0,0.0001529673,92.41393,87.65759,15.424859,15.0,0.2082,0.7704,0.0214,0.982
16,6,4,1763,7052,2223,128,1648,3296,0.995,6.699443e-06,0.997,0.29364872,0.29364443,4.2838424e-06,0.0,2.6844842e-05,92.48832,87.6028,15.371267,15.0,0.199,0.7812,0.0198,0.9894
16,6,5,1763,7052,2223,128,1648,3296,0.998,1.9304753e-06,0.996,0.2936499,0.29364443,5.492762e-06,0.0,3.3264892e-05,92.44889,87.61163,15.408585,15.0,0.1996,0.7774,0.023,0.9828
16,8,1,2307,9228,2895,128,2160,4320,0.994,3.6619156e-06,0.9992,0.29364586,0.29364443,1.4225214e-06,0.0,9.310211e-06,92.47834,87.61163,15.380086,15.0,0.1998,0.7792,0.021,0.9882
16,8,2,2307,9228,2895,128,2160,4320,0.995,4.83042e-06,0.9984,0.29364604,0.29364443,1.6221226e-06,0.0,7.1965246e-06,92.4829,87.61163,15.373728,15.0,0.2002,0.7798,0.02,0.9772
16,8,3,2307,9228,2895,128,2160,4320,0.987,3.6949514e-05,0.9874,0.29369316,0.29364443,4.8714046e-05,0.0,0.00025999572,92.55496,87.63542,15.31509,15.0,0.2046,0.782,0.0134,0.966
16,8,4,2307,9228,2895,128,2160,4320,0.991,1.3584822e-05,0.994,0.29365498,0.29364443,1.0568914e-05,0.0,4.757176e-05,92.40985,87.61163,15.436234,15.0,0.2012,0.7738,0.025,0.9834
16,8,5,2307,9228,2895,128,2160,4320,0.983,9.387697e-05,0.9758,0.29381073,0.29364443,0.00016629188,0.0,0.001077171,92.71583,87.63542,15.204185,15.0,0.1982,0.7988,0.003,0.9802
20,1,1,583,2332,755,160,540,1080,1.0,0.0,0.9996,0.2936447,0.29364443,2.5524795e-07,0.0,1.4318839e-06,92.475746,87.61163,15.382114,15.0,0.1994,0.7798,0.0208,0.9912
20,1,2,583,2332,755,160,540,1080,0.999,1.35459e-06,0.9986,0.29364517,0.29364443,7.3084533e-07,0.0,2.2147656e-06,92.49329,87.6028,15.375374,15.0,0.1984,0.7808,0.0208,0.9954
20,1,3,583,2332,755,160,540,1080,0.999,1.0849088e-06,0.9996,0.29364458,0.29364443,1.568377e-07,0.0,9.862358e-07,92.4851,87.61163,15.377876,15.0,0.1996,0.7798,0.0206,0.9932
20,1,4,583,2332,755,160,540,1080,0.996,1.6120821e-06,0.9994,0.29364464,0.29364443,1.6593337e-07,0.0,1.0178468e-06,92.47298,87.61163,15.389076,15.0,0.1996,0.7788,0.0216,0.9898
20,1,5,583,2332,755,160,540,1080,0.998,7.956773e-07,0.9984,0.2936466,0.29364443,2.169639e-06,0.0,1.1312959e-05,92.49074,87.6028,15.380981,15.0,0.1994,0.7794,0.0212,0.9892
20,2,1,1003,4012,1255,160,940,1880,0.995,2.668202e-06,0.9958,0.2936487,0.29364443,4.2440684e-06,0.0,2.3867968e-05,92.45725,87.6028,15.409774,15.0,0.1984,0.7776,0.024,0.9916
20,2,2,1003,4012,1255,160,940,1880,1.0,0.0,0.9992,0.29364467,0.29364443,2.4081172e-07,0.0,7.0799365e-07,92.491615,87.61163,15.377227,15.0,0.199,0.7802,0.0208,0.9912
20,2,3,1003,4012,1255,160,940,1880,0.99,2.0930976e-05,0.9946,0.29365954,0.29364443,1.5120867e-05,0.0,7.175716e-05,92.50252,87.63542,15.35735,15.0,0.2024,0.7794,0.0182,0.9896
20,2,4,1003,4012,1255,160,940,1880,0.997,9.4136595e-07,0.999,0.29364488,0.29364443,4.1505993e-07,0.0,2.2737886e-06,92.46835,87.6028,15.39213,15.0,0.1994,0.7788,0.0218,0.9912
20,2,5,1003,4012,1255,160,940,1880,0.997,1.3418943e-06,0.999,0.29364493,0.29364443,4.959106e-07,0.0,2.954039e-06,92.48125,87.61163,15.381549,15.0,0.1998,0.7792,0.021,0.9848
20,3,1,1423,5692,1755,160,1340,2680,0.996,8.582771e-07,0.9994,0.29364458,0.29364443,1.3737977e-07,0.0,8.5515563e-07,92.4786,87.61163,15.383877,15.0,0.1996,0.7792,0.0212,0.9914
20,3,2,1423,5692,1755,160,1340,2680,0.998,1.6662479e-07,0.9994,0.29364452,0.29364443,9.5131995e-08,0.0,4.4788578e-07,92.48241,87.61163,15.380348,15.0,0.1998,0.7792,0.021,0.9916
20,3,3,1423,5692,1755,160,1340,2680,0.997,1.2515336e-06,0.999,0.29364496,0.29364443,5.194157e-07,0.0,1.92049e-06,92.48306,87.61163,15.380637,15.0,0.1994,0.7796,0.021,0.9908
20,3,4,1423,5692,1755,160,1340,2680,0.997,1.0485799e-06,0.9988,0.29364526,0.29364443,8.446991e-07,0.0,5.1973866e-06,92.48917,87.61163,15.374349,15.0,0.1998,0.7798,0.0204,0.9874
20,3,5,1423,5692,1755,160,1340,2680,0.999,2.529025e-07,0.9988,0.29364517,0.29364443,7.408947e-07,0.0,3.975544e-06,92.48037,87.61163,15.378003,15.0,0.1992,0.7802,0.0206,0.9918
20,4,1,1843,7372,2255,160,1740,3480,0.996,2.0674318e-06,0.9992,0.29364517,0.29364443,7.2006287e-07,0.0,3.6698755e-06,92.48908,87.61163,15.378394,15.0,0.2,0.779,0.021,0.9828
20,4,2,1843,7372,2255,160,1740,3480,0.994,2.689138e-06,0.9982,0.29364574,0.29364443,1.2930244e-06,0.0,7.5044713e-06,92.46715,87.6028,15.393444,15.0,0.1994,0.7784,0.0222,0.989
20,4,3,1843,7372,2255,160,1740,3480,0.996,1.9053966e-06,0.9976,0.29364818,0.29364443,3.772369e-06,0.0,1.3033091e-05,92.44805,87.61163,15.399957,15.0,0.2006,0.7774,0.022,0.9878
20,4,4,1843,7372,2255,160,1740,3480,0.994,5.9020817e-06,0.994,0.29365268,0.29364443,8.234719e-06,0.0,4.1596097e-05,92.44347,87.583885,15.421725,15.0,0.1978,0.777,0.0252,0.9798
20,4,5,1843,7372,2255,160,1740,3480,0.996,4.1965245e-06,0.9992,0.29364547,0.29364443,1.0110289e-06,0.0,4.020804e-06,92.48406,87.62355,15.379675,15.0,0.1998,0.7794,0.0208,0.988
20,5,1,2263,9052,2755,160,2140,4280,0.993,7.541418e-06,0.9958,0.29365116,0.29364443,6.726861e-06,0.0,3.0473373e-05,92.48433,87.583885,15.376958,15.0,0.197,0.7824,0.0206,0.9898
20,5,2,2263,9052,2755,160,2140,4280,0.997,3.0565411e-06,0.9992,0.29364467,0.29364443,2.4667384e-07,0.0,1.3020557e-06,92.486664,87.61163,15.37639,15.0,0.1996,0.7798,0.0206,0.9844
20,5,3,2263,9052,2755,160,2140,4280,0.995,4.3422133e-06,0.9982,0.2936475,0.29364443,3.083378e-06,0.0,1.7190987e-05,92.501274,87.61163,15.372081,15.0,0.1998,0.78,0.0202,0.987
20,5,4,2263,9052,2755,160,2140,4280,0.995,3.248051e-06,0.9964,0.29364786,0.29364443,3.4265609e-06,0.0,2.0010919e-05,92.452484,87.61163,15.409796,15.0,0.199,0.7774,0.0236,0.9892
20,5,5,2263,9052,2755,160,2140,4280,0.993,5.708173e-06,0.9954,0.2936533,0.29364443,8.86761e-06,0.0,3.5492016e-05,92.44862,87.63542,15.398942,15.0,0.2018,0.7764,0.0218,0.984
20,6,1,2683,10732,3255,160,2540,5080,0.997,5.013749e-06,0.9982,0.29364556,0.29364443,1.1016787e-06,0.0,5.8029723e-06,92.46381,87.6028,15.392867,15.0,0.199,0.7792,0.0218,0.99
20,6,2,2683,10732,3255,160,2540,5080,0.997,1.6284287e-06,0.9992,0.29364467,0.29364443,2.528459e-07,0.0,8.8587905e-07,92.482086,87.6028,15.380159,15.0,0.199,0.7802,0.0208,0.9898
20,6,3,2683,10732,3255,160,2540,5080,0.989,3.0922114e-05,0.9946,0.29366103,0.29364443,1.6592596e-05,0.0,5.6735575e-05,92.48308,87.65759,15.380796,15.0,0.2042,0.7756,0.0202,0.9822
20,6,4,2683,10732,3255,160,2540,5080,0.998,7.956773e-07,0.9992,0.29364473,0.29364443,2.8302074e-07,0.0,1.3636096e-06,92.486374,87.61163,15.377506,15.0,0.1992,0.7802,0.0206,0.986
20,6,5,2683,10732,3255,160,2540,5080,0.997,1.3591796e-06,0.9964,0.29364797,0.29364443,3.5417945e-06,0.0,2.0518955e-05,92.4437,87.6028,15.412215,15.0,0.1984,0.7782,0.0234,0.9796
20,8,1,3523,14092,4255,160,3340,6680,0.993,1.0346666e-05,0.996,0.29365462,0.29364443,1.0180915e-05,0.0,6.342037e-05,92.51098,87.61163,15.361238,15.0,0.1988,0.7818,0.0194,0.9896
20,8,2,3523,14092,4255,160,3340,6680,0.995,2.668202e-06,0.9958,0.2936493,0.29364443,4.8492166e-06,0.0,2.167882e-05,92.45608,87.583885,15.402434,15.0,0.1974,0.7796,0.023,0.9826
20,8,3,3523,14092,4255,160,3340,6680,0.993,9.713903e-06,0.9928,0.2936687,0.29364443,2.4226845e-05,0.0,9.523461e-05,92.45261,87.63542,15.412328,15.0,0.1986,0.7786,0.0228,0.9826
20,8,4,3523,14092,4255,160,3340,6680,0.994,3.5471767e-06,0.9982,0.29364723,0.29364443,2.7987123e-06,0.0,1.515593e-05,92.49687,87.62355,15.377039,15.0,0.2002,0.7788,0.021,0.9784
20,8,5,3523,14092,4255,160,3340,6680,0.993,1.0452285e-05,0.9936,0.29366934,0.29364443,2.4900204e-05,0.0,0.00014562684,92.51004,87.61163,15.340762,15.0,0.2012,0.7822,0.0166,0.9808
24,1,1,795,3180,999,192,744,1488,0.998,1.6662479e-07,0.9982,0.29364556,0.29364443,1.1169583e-06,0.0,4.4723547e-06,92.48238,87.6028,15.383447,15.0,0.1986,0.78,0.0214,0.9928
24,1,2,795,3180,999,192,744,1488,0.999,2.0936131e-08,0.998,0.29364654,0.29364443,2.0830364e-06,0.0,9.821614e-06,92.45225,87.61163,15.4021,15.0,0.1998,0.7778,0.0224,0.9894
24,1,3,795,3180,999,192,744,1488,0.997,6.0537457e-07,0.999,0.29364505,0.29364443,6.1283407e-07,0.0,3.2900066e-06,92.47368,87.61163,15.388566,15.0,0.1994,0.7788,0.0218,0.9878
24,1,4,795,3180,999,192,744,1488,0.998,5.671531e-07,0.9984,0.29364565,0.29364443,1.2084961e-06,0.0,6.9386347e-06,92.49383,87.61163,15.370305,15.0,0.1994,0.7806,0.02,0.9908
24,1,5,795,3180,999,192,744,1488,0.997,8.3734096e-07,0.9962,0.29364887,0.29364443,4.44158e-06,0.0,2.0996358e-05,92.47205,87.6028,15.394047,15.0,0.1976,0.7804,0.022,0.9866
24,2,1,1395,5580,1695,192,1320,2640,0.997,3.521651e-06,0.999,0.29364485,0.29364443,4.053384e-07,0.0,1.8514463e-06,92.479546,87.6028,15.38256,15.0,0.199,0.78,0.021,0.9936
24,2,2,1395,5580,1695,192,1320,2640,0.998,5.671531e-07,0.9994,0.29364467,0.29364443,2.0458997e-07,0.0,6.153249e-07,92.4869,87.61163,15.376238,15.0,0.1996,0.7796,0.0208,0.9878
24,2,3,1395,5580,1695,192,1320,2640,0.992,4.391089e-06,0.9976,0.2936469,0.29364443,2.463466e-06,0.0,1.2357353e-05,92.45994,87.61163,15.390765,15.0,0.2,0.7786,0.0214,0.987
24,2,4,1395,5580,1695,192,1320,2640,0.999,5.4621694e-07,0.999,0.293645,0.29364443,5.536735e-07,0.0,3.346846e-06,92.491234,87.61163,15.372349,15.0,0.1998,0.78,0.0202,0.9862
24,2,5,1395,5580,1695,192,1320,2640,0.997,2.5312602e-06,0.999,0.29364485,0.29364443,4.196465e-07,0.0,1.9049838e-06,92.47435,87.6028,15.38736,15.0,0.199,0.7796,0.0214,0.992
24,3,1,1995,7980,2391,192,1896,3792,0.997,4.1952728e-07,0.9996,0.29364452,0.29364443,6.245673e-08,0.0,3.8495494e-07,92.47554,87.61163,15.386677,15.0,0.1996,0.779,0.0214,0.9876
24,3,2,1995,7980,2391,192,1896,3792,0.996,3.9680003e-06,0.9992,0.29364493,0.29364443,4.891902e-07,0.0,2.6783916e-06,92.48961,87.61163,15.378397,15.0,0.1994,0.7798,0.0208,0.9908
24,3,3,1995,7980,2391,192,1896,3792,0.996,3.6161691e-06,0.999,0.29364505,0.29364443,6.1423185e-07,0.0,3.5564315e-06,92.485756,87.61163,15.378264,15.0,0.1994,0.78,0.0206,0.9924
24,3,4,1995,7980,2391,192,1896,3792,0.997,1.5738607e-06,0.9992,0.29364467,0.29364443,2.1649898e-07,0.0,8.2432496e-07,92.482376,87.6028,15.379044,15.0,0.1994,0.7798,0.0208,0.9894
24,3,5,1995,7980,2391,192,1896,3792,0.997,8.3734096e-07,0.9946,0.29365224,0.29364443,7.777849e-06,0.0,3.561314e-05,92.44755,87.583885,15.41125,15.0,0.1968,0.7796,0.0236,0.9866
24,4,1,2595,10380,3087,192,2472,4944,0.994,2.1792353e-06,0.9988,0.293645,0.29364443,5.4329337e-07,0.0,3.2376483e-06,92.47606,87.61163,15.386349,15.0,0.1998,0.7786,0.0216,0.988
24,4,2,2595,10380,3087,192,2472,4944,0.997,1.6284287e-06,0.9986,0.2936452,0.29364443,7.7432395e-07,0.0,2.8048482e-06,92.494125,87.6028,15.373786,15.0,0.1986,0.7808,0.0206,0.9916
24,4,3,2595,10380,3087,192,2472,4944,0.996,3.273338e-06,0.9952,0.29365426,0.29364443,9.827873e-06,0.0,3.5962436e-05,92.482475,87.57185,15.387524,15.0,0.1962,0.7818,0.022,0.988
24,4,4,2595,10380,3087,192,2472,4944,0.996,1.9757897e-06,0.9992,0.29364493,0.29364443,4.6663286e-07,0.0,2.6187633e-06,92.47964,87.61163,15.378584,15.0,0.1996,0.7798,0.0206,0.9904
24,4,5,2595,10380,3087,192,2472,4944,0.994,1.1793658e-05,0.9966,0.29365224,0.29364443,7.814905e-06,0.0,2.8814724e-05,92.484116,87.63542,15.381106,15.0,0.2024,0.7768,0.0208,0.989
24,5,1,3195,12780,3783,192,3048,6096,0.996,1.9599647e-06,0.9982,0.2936452,0.29364443,7.4569283e-07,0.0,3.4289465e-06,92.47025,87.6028,15.391249,15.0,0.1988,0.7792,0.022,0.9884
24,5,2,3195,12780,3783,192,3048,6096,0.997,2.7868598e-06,0.9978,0.2936474,0.29364443,2.9545158e-06,0.0,1.47242845e-05,92.46075,87.62355,15.3955965,15.0,0.2002,0.778,0.0218,0.9864
24,5,3,3195,12780,3783,192,3048,6096,0.995,2.9534847e-06,0.9976,0.29364678,0.29364443,2.339092e-06,0.0,1.126186e-05,92.4659,87.63542,15.395018,15.0,0.2002,0.7778,0.022,0.9882
24,5,4,3195,12780,3783,192,3048,6096,0.994,8.963287e-06,0.9952,0.2936622,0.29364443,1.7752578e-05,0.0,4.664792e-05,92.440765,87.63542,15.403523,15.0,0.2042,0.775,0.0208,0.9888
24,5,5,3195,12780,3783,192,3048,6096,0.996,1.3801157e-06,0.9968,0.2936487,0.29364443,4.2305646e-06,0.0,1.4902907e-05,92.48023,87.6028,15.386425,15.0,0.1974,0.7806,0.022,0.984
24,6,1,3795,15180,4479,192,3624,7248,0.993,3.914818e-06,0.9994,0.29364482,0.29364443,3.932327e-07,0.0,1.5431162e-06,92.4818,87.61163,15.381006,15.0,0.1998,0.7792,0.021,0.9868
24,6,2,3795,15180,4479,192,3624,7248,0.996,2.7133376e-06,0.998,0.29364607,0.29364443,1.6271055e-06,0.0,6.7818405e-06,92.48981,87.583885,15.376833,15.0,0.1982,0.781,0.0208,0.9892
24,6,3,3795,15180,4479,192,3624,7248,0.998,1.7019511e-06,0.9972,0.29364857,0.29364443,4.1639564e-06,0.0,1.4454001e-05,92.45637,87.61163,15.388406,15.0,0.2004,0.7786,0.021,0.9868
24,6,4,3795,15180,4479,192,3624,7248,0.995,5.8775395e-06,0.9984,0.2936464,0.29364443,1.932475e-06,0.0,9.260346e-06,92.48301,87.61163,15.373728,15.0,0.2002,0.7798,0.02,0.9822
24,6,5,3795,15180,4479,192,3624,7248,0.99,1.2991652e-05,0.9928,0.29366127,0.29364443,1.6833083e-05,0.0,6.789873e-05,92.40359,87.61163,15.444559,15.0,0.2024,0.7726,0.025,0.9834
24,8,1,4995,19980,5871,192,4776,9552,0.997,1.9217432e-06,0.9976,0.29364654,0.29364443,2.1201074e-06,0.0,1.1423375e-05,92.476036,87.6028,15.386344,15.0,0.199,0.7798,0.0212,0.9866
24,8,2,4995,19980,5871,192,4776,9552,0.997,5.388573e-06,0.9974,0.29364803,0.29364443,3.588617e-06,0.0,2.1486247e-05,92.50456,87.6028,15.365127,15.0,0.1992,0.7812,0.0196,0.9818
24,8,3,4995,19980,5871,192,4776,9552,0.989,2.0998032e-05,0.9938,0.29365835,0.29364443,1.3910488e-05,0.0,5.209738e-05,92.42443,87.61163,15.426929,15.0,0.2028,0.7732,0.024,0.9854
24,8,4,4995,19980,5871,192,4776,9552,0.991,1.5376658e-05,0.992,0.29367104,0.29364443,2.662105e-05,0.0,8.3289444e-05,92.44231,87.637184,15.3993845,15.0,0.2048,0.775,0.0202,0.9836
24,8,5,4995,19980,5871,192,4776,9552,0.995,5.6494177e-06,0.9952,0.29365385,0.29364443,9.416932e-06,0.0,3.5470726e-05,92.4445,87.61163,15.410453,15.0,0.202,0.7754,0.0226,0.9864
32,1,1,1315,5260,1583,256,1248,2496,0.998,5.671531e-07,0.9992,0.293645,0.29364443,5.680531e-07,0.0,2.4840235e-06,92.47883,87.61163,15.380189,15.0,0.1994,0.7798,0.0208,0.993
32,1,2,1315,5260,1583,256,1248,2496,0.996,3.663525e-06,0.9994,0.29364464,0.29364443,1.6950965e-07,0.0,5.3123244e-07,92.48726,87.61163,15.380468,15.0,0.1996,0.7792,0.0212,0.9946
32,1,3,1315,5260,1583,256,1248,2496,0.998,1.3755262e-06,0.9996,0.2936447,0.29364443,2.5524795e-07,0.0,1.4318839e-06,92.475746,87.61163,15.382114,15.0,0.1994,0.7798,0.0208,0.9906
32,1,4,1315,5260,1583,256,1248,2496,1.0,0.0,1.0,0.29364443,0.29364443,0.0,0.0,0.0,92.480286,87.61163,15.382277,15.0,0.1996,0.7794,0.021,0.9944
32,1,5,1315,5260,1583,256,1248,2496,0.995,2.3500024e-06,0.999,0.2936454,0.29364443,9.579122e-07,0.0,5.1550483e-06,92.48613,87.61163,15.381194,15.0,0.2,0.7788,0.0212,0.9882
32,2,1,2371,9484,2767,256,2272,4544,1.0,0.0,0.9986,0.29364553,0.29364443,1.0998577e-06,0.0,4.595578e-06,92.49856,87.6028,15.373816,15.0,0.1988,0.7804,0.0208,0.992
32,2,2,2371,9484,2767,256,2272,4544,0.998,1.6074925e-06,0.9994,0.29364496,0.29364443,5.1719843e-07,0.0,2.5648903e-06,92.477684,87.61163,15.3804035,15.0,0.1992,0.78,0.0208,0.9934
32,2,3,2371,9484,2767,256,2272,4544,0.998,1.7019511e-06,0.9992,0.29364467,0.29364443,2.1649898e-07,0.0,8.2432496e-07,92.482376,87.6028,15.379044,15.0,0.1994,0.7798,0.0208,0.9928
32,2,4,2371,9484,2767,256,2272,4544,0.995,1.9263327e-06,0.9988,0.29364502,0.29364443,5.66107e-07,0.0,3.4886607e-06,92.46618,87.61163,15.395476,15.0,0.1996,0.7782,0.0222,0.9938
32,2,5,2371,9484,2767,256,2272,4544,0.997,1.0485799e-06,0.9988,0.29364502,0.29364443,5.793661e-07,0.0,2.820959e-06,92.47831,87.6028,15.387492,15.0,0.199,0.7794,0.0216,0.99
32,3,1,3427,13708,3951,256,3296,6592,0.999,2.0936131e-08,0.9986,0.29364595,0.29364443,1.5087306e-06,0.0,6.928909e-06,92.495125,87.63542,15.370911,15.0,0.1998,0.78,0.0202,0.9828
32,3,2,3427,13708,3951,256,3296,6592,0.995,3.248051e-06,0.9964,0.2936477,0.29364443,3.2402695e-06,0.0,1.6640019e-05,92.456764,87.61163,15.404632,15.0,0.198,0.779,0.023,0.9884
32,3,3,3427,13708,3951,256,3296,6592,0.995,2.1214782e-06,0.9974,0.29364863,0.29364443,4.2036086e-06,0.0,1.526148e-05,92.47103,87.63542,15.387356,15.0,0.2014,0.7772,0.0214,0.9924
32,3,4,3427,13708,3951,256,3296,6592,0.995,2.668202e-06,0.997,0.29364717,0.29364443,2.7251422e-06,0.0,1.1617381e-05,92.46887,87.6028,15.394122,15.0,0.1978,0.78,0.0222,0.9902
32,3,5,3427,13708,3951,256,3296,6592,0.993,4.9842893e-06,0.9984,0.29364663,0.29364443,2.203232e-06,0.0,1.0147027e-05,92.482285,87.63542,15.386998,15.0,0.2004,0.7778,0.0218,0.99
32,4,1,4483,17932,5135,256,4320,8640,0.998,1.900807e-06,0.9998,0.29364458,0.29364443,1.3671219e-07,0.0,8.625993e-07,92.4825,87.61163,15.380277,15.0,0.1996,0.7796,0.0208,0.9922
32,4,2,4483,17932,5135,256,4320,8640,0.999,1.0849088e-06,0.9992,0.293646,0.29364443,1.5821726e-06,0.0,8.022593e-06,92.504036,87.61163,15.373619,15.0,0.1998,0.7794,0.0208,0.99
32,4,3,4483,17932,5135,256,4320,8640,0.993,8.159742e-06,0.9972,0.29364902,0.29364443,4.5756788e-06,0.0,1.7852122e-05,92.47545,87.63542,15.3845,15.0,0.2014,0.7774,0.0212,0.9896
32,4,4,4483,17932,5135,256,4320,8640,0.999,5.4621694e-07,0.9982,0.2936467,0.29364443,2.2348493e-06,0.0,1.1915603e-05,92.49951,87.63542,15.367094,15.0,0.2002,0.78,0.0198,0.989
32,4,5,4483,17932,5135,256,4320,8640,0.996,1.6614944e-06,0.9954,0.29365113,0.29364443,6.665972e-06,0.0,2.5535464e-05,92.47568,87.6028,15.396817,15.0,0.1972,0.7796,0.0232,0.9898
32,5,1,5539,22156,6319,256,5344,10688,0.998,1.3755262e-06,0.999,0.29364496,0.29364443,5.222559e-07,0.0,3.224978e-06,92.468765,87.61163,15.393077,15.0,0.1996,0.7784,0.022,0.988
32,5,2,5539,22156,6319,256,5344,10688,0.995,2.3073255e-06,0.9972,0.29364854,0.29364443,4.115087e-06,0.0,1.5611744e-05,92.470566,87.63542,15.384853,15.0,0.2012,0.7778,0.021,0.9872
32,5,3,5539,22156,6319,256,5344,10688,0.996,2.2155643e-06,0.9972,0.29364794,0.29364443,3.510663e-06,0.0,1.5349024e-05,92.48865,87.62355,15.378253,15.0,0.1996,0.7798,0.0206,0.99
32,5,4,5539,22156,6319,256,5344,10688,0.996,5.0664544e-06,0.9982,0.29364792,0.29364443,3.450793e-06,0.0,2.0433405e-05,92.50033,87.61163,15.364549,15.0,0.2,0.7804,0.0196,0.9902
32,5,5,5539,22156,6319,256,5344,10688,0.991,1.4292255e-05,0.995,0.29365766,0.29364443,1.3233066e-05,0.0,3.909848e-05,92.4358,87.63542,15.408872,15.0,0.203,0.7756,0.0214,0.9906
32,6,1,6595,26380,7503,256,6368,12736,0.999,2.529025e-07,0.9986,0.29364493,0.29364443,4.8273506e-07,0.0,2.2040715e-06,92.48477,87.61163,15.383627,15.0,0.199,0.7796,0.0214,0.9882
32,6,2,6595,26380,7503,256,6368,12736,0.994,3.5954117e-06,0.997,0.29364768,0.29364443,3.250003e-06,0.0,1.6254193e-05,92.449326,87.61163,15.4079,15.0,0.2,0.7768,0.0232,0.9894
32,6,3,6595,26380,7503,256,6368,12736,0.994,2.689138e-06,0.996,0.29365075,0.29364443,6.322199e-06,0.0,2.1261036e-05,92.48551,87.6028,15.387637,15.0,0.1972,0.7802,0.0226,0.9908
32,6,4,6595,26380,7503,256,6368,12736,0.996,1.8761754e-06,0.9968,0.29364786,0.29364443,3.4367354e-06,0.0,1.646506e-05,92.44873,87.6028,15.400418,15.0,0.1994,0.7782,0.0224,0.9864
32,6,5,6595,26380,7503,256,6368,12736,0.996,1.6120821e-06,0.9958,0.29364967,0.29364443,5.245322e-06,0.0,2.5551682e-05,92.456215,87.62355,15.409429,15.0,0.1994,0.7768,0.0238,0.9908
32,8,1,8707,34828,9871,256,8416,16832,0.995,4.4494273e-06,0.9978,0.2936467,0.29364443,2.2253544e-06,0.0,1.011729e-05,92.48104,87.62355,15.381484,15.0,0.199,0.78,0.021,0.9892
32,8,2,8707,34828,9871,256,8416,16832,0.994,6.973222e-06,0.995,0.29365742,0.29364443,1.2986308e-05,0.0,5.677631e-05,92.49364,87.63542,15.36395,15.0,0.2022,0.7792,0.0186,0.9868
32,8,3,8707,34828,9871,256,8416,16832,0.999,7.747412e-07,0.9974,0.29364777,0.29364443,3.3220053e-06,0.0,1.7208124e-05,92.48747,87.61163,15.376303,15.0,0.1982,0.7812,0.0206,0.9902
32,8,4,8707,34828,9871,256,8416,16832,0.99,1.8463254e-05,0.9964,0.2936548,0.29364443,1.0369051e-05,0.0,3.0112053e-05,92.448425,87.63542,15.395609,15.0,0.2028,0.7762,0.021,0.9848
32,8,5,8707,34828,9871,256,8416,16832,0.992,2.2849843e-05,0.9944,0.29365394,0.29364443,9.491155e-06,0.0,3.4223165e-05,92.476654,87.583885,15.402025,15.0,0.197,0.779,0.024,0.9904
40,1,1,1963,7852,2295,320,1880,3760,0.998,2.7383865e-07,0.9998,0.29364446,0.29364443,2.0125508e-08,0.0,1.2363664e-07,92.48289,87.61163,15.379876,15.0,0.1996,0.7796,0.0208,0.992
40,1,2,1963,7852,2295,320,1880,3760,0.997,1.9514114e-06,0.9992,0.29364482,0.29364443,3.740996e-07,0.0,2.1815897e-06,92.48424,87.61163,15.378749,15.0,0.1998,0.7794,0.0208,0.994
40,1,3,1963,7852,2295,320,1880,3760,0.996,3.0774772e-06,0.999,0.2936452,0.29364443,7.593751e-07,0.0,3.505556e-06,92.48018,87.61163,15.379472,15.0,0.1998,0.7796,0.0206,0.9922
40,1,4,1963,7852,2295,320,1880,3760,0.997,6.0537457e-07,0.9994,0.29364464,0.29364443,2.0585657e-07,0.0,5.9278653e-07,92.48697,87.61163,15.381584,15.0,0.1992,0.7796,0.0212,0.992
40,1,5,1963,7852,2295,320,1880,3760,0.997,1.7228872e-06,0.9994,0.2936449,0.29364443,4.5621098e-07,0.0,1.7888233e-06,92.48044,87.61163,15.382278,15.0,0.2,0.7788,0.0212,0.9914
40,2,1,3603,14412,4095,320,3480,6960,0.997,1.1733323e-06,0.9982,0.2936455,0.29364443,1.0806472e-06,0.0,5.48625e-06,92.46804,87.61163,15.395511,15.0,0.199,0.7788,0.0222,0.9928
40,2,2,3603,14412,4095,320,3480,6960,0.995,1.914397e-06,0.9984,0.29364535,0.29364443,9.1857316e-07,0.0,4.444915e-06,92.47269,87.6028,15.389049,15.0,0.1992,0.779,0.0218,0.9902
40,2,3,3603,14412,4095,320,3480,6960,0.996,1.9757897e-06,0.999,0.2936461,0.29364443,1.66049e-06,0.0,5.686539e-06,92.4811,87.62355,15.380669,15.0,0.2006,0.7784,0.021,0.9926
40,2,4,3603,14412,4095,320,3480,6960,0.999,2.529025e-07,0.9986,0.29364514,0.29364443,7.0833863e-07,0.0,3.138367e-06,92.4984,87.61163,15.371116,15.0,0.1988,0.7808,0.0204,0.9948
40,2,5,3603,14412,4095,320,3480,6960,0.997,9.448081e-07,0.999,0.29364493,0.29364443,4.786283e-07,0.0,1.5697889e-06,92.48615,87.61163,15.377842,15.0,0.1994,0.7796,0.021,0.994
40,3,1,5243,20972,5895,320,5080,10160,0.999,2.529025e-07,0.9982,0.29364577,0.29364443,1.3526469e-06,0.0,6.275104e-06,92.462685,87.6028,15.3926935,15.0,0.1984,0.78,0.0216,0.9912
40,3,2,5243,20972,5895,320,5080,10160,0.995,6.66441e-06,0.9968,0.29364794,0.29364443,3.5059184e-06,0.0,1.2478715e-05,92.482185,87.6028,15.389803,15.0,0.1978,0.7798,0.0224,0.9894
40,3,3,5243,20972,5895,320,5080,10160,0.998,5.671531e-07,0.9986,0.2936455,0.29364443,1.0621876e-06,0.0,3.6037975e-06,92.46711,87.61163,15.388128,15.0,0.2002,0.7784,0.0214,0.992
40,3,4,5243,20972,5895,320,5080,10160,0.995,4.9208106e-06,0.9992,0.29364482,0.29364443,3.9944948e-07,0.0,2.412855e-06,92.482025,87.61163,15.380719,15.0,0.1994,0.7798,0.0208,0.9912
40,3,5,5243,20972,5895,320,5080,10160,0.999,7.747412e-07,0.9986,0.2936454,0.29364443,9.721041e-07,0.0,5.6959207e-06,92.4949,87.61163,15.369936,15.0,0.1996,0.7804,0.02,0.9938
40,4,1,6883,27532,7695,320,6680,13360,0.997,2.5563986e-06,0.9976,0.2936463,0.29364443,1.8817842e-06,0.0,9.571147e-06,92.4568,87.6028,15.3982935,15.0,0.1984,0.7794,0.0222,0.9898
40,4,2,6883,27532,7695,320,6680,13360,0.995,5.817488e-06,0.999,0.29364562,0.29364443,1.187858e-06,0.0,6.4478295e-06,92.490654,87.61163,15.373078,15.0,0.2,0.7796,0.0204,0.9906
40,4,3,6883,27532,7695,320,6680,13360,0.998,7.956773e-07,0.9982,0.29364598,0.29364443,1.5280336e-06,0.0,6.11705e-06,92.48694,87.61163,15.385241,15.0,0.1988,0.7796,0.0216,0.993
40,4,4,6883,27532,7695,320,6680,13360,0.997,1.7228872e-06,0.9986,0.2936459,0.29364443,1.4380247e-06,0.0,7.5888574e-06,92.49356,87.61163,15.370149,15.0,0.2,0.78,0.02,0.993
40,4,5,6883,27532,7695,320,6680,13360,0.996,1.9757897e-06,0.9992,0.29364616,0.29364443,1.7104268e-06,0.0,5.0025656e-06,92.48415,87.62355,15.380235,15.0,0.2,0.7794,0.0206,0.9932
40,5,1,8523,34092,9495,320,8280,16560,0.997,1.4295726e-06,0.9988,0.29364496,0.29364443,5.431443e-07,0.0,2.8616205e-06,92.49029,87.61163,15.373978,15.0,0.1994,0.7802,0.0204,0.993
40,5,2,8523,34092,9495,320,8280,16560,0.996,1.3913527e-05,0.9976,0.29364744,0.29364443,3.0073584e-06,0.0,8.035663e-06,92.50786,87.6028,15.36595,15.0,0.198,0.7814,0.0206,0.9932
40,5,3,8523,34092,9495,320,8280,16560,0.993,1.2838959e-05,0.9938,0.29366773,0.29364443,2.3307666e-05,0.0,6.783321e-05,92.43963,87.637184,15.400186,15.0,0.205,0.7744,0.0206,0.9936
40,5,4,8523,34092,9495,320,8280,16560,0.997,8.200556e-07,0.9974,0.2936472,0.29364443,2.7515173e-06,0.0,1.5857666e-05,92.45316,87.6028,15.407734,15.0,0.1992,0.7776,0.0232,0.991
40,5,5,8523,34092,9495,320,8280,16560,0.994,2.689138e-06,0.9964,0.29364738,0.29364443,2.9419243e-06,0.0,1.5808793e-05,92.46286,87.6028,15.404174,15.0,0.1984,0.7782,0.0234,0.9898
40,6,1,10163,40652,11295,320,9880,19760,0.992,9.254843e-06,0.9942,0.29365367,0.29364443,9.241626e-06,0.0,4.5249246e-05,92.44094,87.583885,15.419802,15.0,0.1976,0.7776,0.0248,0.986
40,6,2,10163,40652,11295,320,9880,19760,0.998,7.956773e-07,0.999,0.2936461,0.29364443,1.6293377e-06,0.0,8.491262e-06,92.478134,87.61163,15.386625,15.0,0.1998,0.7788,0.0214,0.9874
40,6,3,10163,40652,11295,320,9880,19760,0.993,1.2854203e-05,0.9928,0.2936588,0.29364443,1.4358669e-05,0.0,5.8707334e-05,92.444275,87.583885,15.416376,15.0,0.1964,0.7786,0.025,0.992
40,6,4,10163,40652,11295,320,9880,19760,0.991,1.0603845e-05,0.9972,0.29365006,0.29364443,5.6062727e-06,0.0,1.899863e-05,92.48022,87.63542,15.385145,15.0,0.2016,0.777,0.0214,0.9914
40,6,5,10163,40652,11295,320,9880,19760,0.993,1.8471927e-05,0.9946,0.29366046,0.29364443,1.6034832e-05,0.0,4.555106e-05,92.52013,87.583885,15.363037,15.0,0.1956,0.7832,0.0212,0.9894
40,8,1,13443,53772,14895,320,13080,26160,0.999,1.35459e-06,0.9978,0.29364625,0.29364443,1.7892986e-06,0.0,7.145211e-06,92.46265,87.61163,15.393247,15.0,0.1996,0.7784,0.022,0.9898
40,8,2,13443,53772,14895,320,13080,26160,0.995,5.1237344e-06,0.9976,0.2936493,0.29364443,4.8549205e-06,0.0,1.774549e-05,92.48006,87.62355,15.381936,15.0,0.2014,0.7778,0.0208,0.9866
40,8,3,13443,53772,14895,320,13080,26160,0.99,1.8231869e-05,0.995,0.29366153,0.29364443,1.7089325e-05,0.0,5.5043263e-05,92.4547,87.61163,15.40402,15.0,0.2024,0.7758,0.0218,0.9842
40,8,4,13443,53772,14895,320,13080,26160,0.998,5.8443845e-07,0.9974,0.29364803,0.29364443,3.5969465e-06,0.0,1.3380751e-05,92.48481,87.583885,15.378186,15.0,0.1986,0.7804,0.021,0.9852
40,8,5,13443,53772,14895,320,13080,26160,0.994,9.906068e-06,0.9962,0.29365107,0.29364443,6.639835e-06,0.0,3.1012532e-05,92.50568,87.6028,15.3604355,15.0,0.199,0.7816,0.0194,0.9814
48,1,1,2739,10956,3135,384,2640,5280,0.998,1.7019511e-06,0.9992,0.2936454,0.29364443,9.4682275e-07,0.0,3.8972544e-06,92.47878,87.63542,15.385822,15.0,0.2,0.7786,0.0214,0.9962
48,1,2,2739,10956,3135,384,2640,5280,0.993,1.1939347e-05,0.9956,0.29365614,0.29364443,1.1711711e-05,0.0,3.526876e-05,92.4505,87.63542,15.395922,15.0,0.2034,0.7754,0.0212,0.9942
48,1,3,2739,10956,3135,384,2640,5280,0.996,2.807796e-06,0.9984,0.29364708,0.29364443,2.636209e-06,0.0,9.209118e-06,92.48157,87.61163,15.378794,15.0,0.2006,0.7786,0.0208,0.9936
48,1,4,2739,10956,3135,384,2640,5280,0.999,1.4568866e-07,0.9988,0.29364496,0.29364443,5.3029953e-07,0.0,2.4554447e-06,92.46759,87.6028,15.389197,15.0,0.1988,0.7798,0.0214,0.9942
48,1,5,2739,10956,3135,384,2640,5280,0.995,2.668202e-06,0.9952,0.2936492,0.29364443,4.754573e-06,0.0,2.4065399e-05,92.44575,87.6028,15.413987,15.0,0.1978,0.7782,0.024,0.9872
48,2,1,5091,20364,5679,384,4944,9888,0.993,1.635243e-05,0.9964,0.29365245,0.29364443,8.024108e-06,0.0,3.4864002e-05,92.47709,87.63542,15.387075,15.0,0.2018,0.7764,0.0218,0.992
48,2,2,5091,20364,5679,384,4944,9888,0.996,4.710212e-06,0.9988,0.29364488,0.29364443,4.3857992e-07,0.0,1.3120342e-06,92.49217,87.6028,15.374652,15.0,0.199,0.7802,0.0208,0.9924
48,2,3,5091,20364,5679,384,4944,9888,0.999,5.4621694e-07,0.9988,0.29364488,0.29364443,4.3441057e-07,0.0,1.7815553e-06,92.49551,87.61163,15.373698,15.0,0.1992,0.7802,0.0206,0.992
48,2,4,5091,20364,5679,384,4944,9888,1.0,0.0,0.999,0.29364482,0.29364443,3.8042367e-07,0.0,1.1666049e-06,92.48442,87.6028,15.378049,15.0,0.1988,0.7804,0.0208,0.9916
48,2,5,5091,20364,5679,384,4944,9888,0.994,2.689138e-06,0.9966,0.29364786,0.29364443,3.4126222e-06,0.0,1.8801744e-05,92.457375,87.6028,15.405944,15.0,0.199,0.7776,0.0234,0.995
48,3,1,7443,29772,8223,384,7248,14496,0.996,1.9757897e-06,0.999,0.29364514,0.29364443,6.959349e-07,0.0,2.9666194e-06,92.483986,87.61163,15.375944,15.0,0.2,0.7796,0.0204,0.988
48,3,2,7443,29772,8223,384,7248,14496,0.996,1.6120821e-06,0.9962,0.29365072,0.29364443,6.25664e-06,0.0,2.0845633e-05,92.471634,87.583885,15.388522,15.0,0.1966,0.7816,0.0218,0.9948
48,3,3,7443,29772,8223,384,7248,14496,0.994,1.4708832e-05,0.994,0.29366478,0.29364443,2.0357511e-05,0.0,6.171192e-05,92.452866,87.637184,15.391019,15.0,0.2048,0.775,0.0202,0.993
48,3,4,7443,29772,8223,384,7248,14496,0.996,4.806161e-06,0.998,0.2936483,0.29364443,3.8588496e-06,0.0,1.3400996e-05,92.477715,87.63542,15.380463,15.0,0.2014,0.7778,0.0208,0.9928
48,3,5,7443,29772,8223,384,7248,14496,0.996,8.582771e-07,0.9984,0.29364517,0.29364443,7.207662e-07,0.0,3.0688748e-06,92.48664,87.6028,15.379851,15.0,0.199,0.7798,0.0212,0.9928
48,4,1,9795,39180,10767,384,9552,19104,0.995,1.914397e-06,0.9978,0.29364604,0.29364443,1.614514e-06,0.0,9.721582e-06,92.46113,87.61163,15.400391,15.0,0.1996,0.7776,0.0228,0.9922
48,4,2,9795,39180,10767,384,9552,19104,0.997,1.7531812e-06,0.997,0.29364643,0.29364443,1.9972563e-06,0.0,9.365121e-06,92.4763,87.6028,15.389335,15.0,0.1984,0.7796,0.022,0.9914
48,4,3,9795,39180,10767,384,9552,19104,0.991,8.320436e-06,0.9962,0.29365024,0.29364443,5.795416e-06,0.0,2.3540237e-05,92.43112,87.61163,15.422538,15.0,0.2006,0.7756,0.0238,0.9914
48,4,4,9795,39180,10767,384,9552,19104,0.995,1.6330182e-06,0.9982,0.2936452,0.29364443,7.566005e-07,0.0,3.6424522e-06,92.481026,87.6028,15.3858795,15.0,0.1988,0.7796,0.0216,0.9922
48,4,5,9795,39180,10767,384,9552,19104,0.995,1.914397e-06,0.997,0.29364753,0.29364443,3.0863732e-06,0.0,1.5132951e-05,92.45357,87.583885,15.402956,15.0,0.1992,0.778,0.0228,0.9936
48,5,1,12147,48588,13311,384,11856,23712,0.993,1.3148248e-05,0.9962,0.293654,0.29364443,9.574237e-06,0.0,3.0154324e-05,92.46797,87.63542,15.392292,15.0,0.2028,0.776,0.0212,0.9908
48,5,2,12147,48588,13311,384,11856,23712,0.996,1.9974857e-06,0.9964,0.29364777,0.29364443,3.3099889e-06,0.0,1.4483452e-05,92.46869,87.61163,15.399072,15.0,0.1986,0.7782,0.0232,0.992
48,5,3,12147,48588,13311,384,11856,23712,0.998,1.9350946e-06,0.9966,0.29365015,0.29364443,5.7211755e-06,0.0,2.1665393e-05,92.522896,87.6028,15.357841,15.0,0.198,0.782,0.02,0.9928
48,5,4,12147,48588,13311,384,11856,23712,0.993,1.9079447e-05,0.993,0.29366857,0.29364443,2.4152047e-05,0.0,8.2469334e-05,92.45982,87.63542,15.383713,15.0,0.2044,0.7768,0.0188,0.9916
48,5,5,12147,48588,13311,384,11856,23712,0.994,4.967958e-06,0.9944,0.29365513,0.29364443,1.0682309e-05,0.0,4.5728968e-05,92.46131,87.6028,15.4072485,15.0,0.1976,0.7782,0.0242,0.9904
48,6,1,14499,57996,15855,384,14160,28320,0.993,6.7330448e-06,0.9984,0.29364574,0.29364443,1.3169587e-06,0.0,7.4783193e-06,92.48715,87.6028,15.375832,15.0,0.1992,0.7802,0.0206,0.9904
48,6,2,14499,57996,15855,384,14160,28320,0.997,1.9548536e-06,0.998,0.2936487,0.29364443,4.235971e-06,0.0,1.0790719e-05,92.46438,87.61163,15.387034,15.0,0.2012,0.7782,0.0206,0.989
48,6,3,14499,57996,15855,384,14160,28320,0.998,7.2746425e-06,0.997,0.29365093,0.29364443,6.5089735e-06,0.0,1.6059172e-05,92.4968,87.583885,15.369816,15.0,0.197,0.782,0.021,0.9888
48,6,4,14499,57996,15855,384,14160,28320,0.997,1.0485799e-06,0.9988,0.29364535,0.29364443,9.095639e-07,0.0,5.2146383e-06,92.48615,87.61163,15.377906,15.0,0.1992,0.7802,0.0206,0.9848
48,6,5,14499,57996,15855,384,14160,28320,0.991,1.0628968e-05,0.9938,0.29366124,0.29364443,1.6801401e-05,0.0,5.4263328e-05,92.43798,87.63542,15.415051,15.0,0.2042,0.7732,0.0226,0.9884
48,8,1,19203,76812,20943,384,18768,37536,0.996,3.3437311e-06,0.9978,0.29364625,0.29364443,1.8091321e-06,0.0,1.06146435e-05,92.470924,87.61163,15.392336,15.0,0.1996,0.7784,0.022,0.987
48,8,2,19203,76812,20943,384,18768,37536,0.996,2.4440885e-06,0.9976,0.29364574,0.29364443,1.3207793e-06,0.0,6.8452223e-06,92.47651,87.61163,15.391516,15.0,0.1988,0.779,0.0222,0.9898
48,8,3,19203,76812,20943,384,18768,37536,0.987,3.544928e-05,0.987,0.29371843,0.29364443,7.3993186e-05,0.0,0.00020346053,92.393776,87.6835,15.456397,15.0,0.2106,0.7664,0.023,0.9866
48,8,4,19203,76812,20943,384,18768,37536,0.996,3.0774772e-06,0.9968,0.29364917,0.29364443,4.747498e-06,0.0,2.0436282e-05,92.4802,87.6028,15.369861,15.0,0.2004,0.7802,0.0194,0.989
48,8,5,19203,76812,20943,384,18768,37536,0.998,5.671531e-07,0.9972,0.29364905,0.29364443,4.6196164e-06,0.0,2.6446718e-05,92.51065,87.62355,15.356379,15.0,0.2,0.781,0.019,0.99
64,1,1,4675,18700,5199,512,4544,9088,0.996,1.9757897e-06,0.9988,0.293646,0.29364443,1.5572757e-06,0.0,6.39024e-06,92.48642,87.62355,15.377677,15.0,0.2002,0.779,0.0208,0.9948
64,1,2,4675,18700,5199,512,4544,9088,0.996,1.6120821e-06,0.997,0.29364654,0.29364443,2.1303772e-06,0.0,1.0274355e-05,92.45967,87.583885,15.400381,15.0,0.1982,0.7792,0.0226,0.9944
64,1,3,4675,18700,5199,512,4544,9088,0.999,1.9141585e-06,0.9988,0.29364613,0.29364443,1.6830057e-06,0.0,9.014725e-06,92.48815,87.6028,15.37393,15.0,0.1996,0.7802,0.0202,0.9938
64,1,4,4675,18700,5199,512,4544,9088,0.995,2.1582991e-06,0.998,0.29364625,0.29364443,1.8098891e-06,0.0,8.344492e-06,92.46219,87.61163,15.3972,15.0,0.2002,0.7774,0.0224,0.993
64,1,5,4675,18700,5199,512,4544,9088,0.991,1.2630999e-05,0.9962,0.29365087,0.29364443,6.450689e-06,0.0,2.2813578e-05,92.45847,87.63542,15.398072,15.0,0.2018,0.776,0.0222,0.9894
64,2,1,8835,35340,9615,512,8640,17280,0.999,7.747412e-07,0.998,0.293646,0.29364443,1.566723e-06,0.0,6.416425e-06,92.48459,87.583885,15.381633,15.0,0.1982,0.7806,0.0212,0.993
64,2,2,8835,35340,9615,512,8640,17280,0.996,2.4152994e-06,0.9958,0.2936497,0.29364443,5.275205e-06,0.0,2.1169939e-05,92.46462,87.583885,15.397973,15.0,0.197,0.7804,0.0226,0.9954
64,2,3,8835,35340,9615,512,8640,17280,0.998,5.3285507e-06,0.9976,0.29364663,0.29364443,2.1978915e-06,0.0,8.660604e-06,92.50147,87.6028,15.369463,15.0,0.1984,0.7814,0.0202,0.995
64,2,4,8835,35340,9615,512,8640,17280,0.999,1.35459e-06,0.999,0.29364482,0.29364443,3.683895e-07,0.0,9.887196e-07,92.49395,87.61163,15.375115,15.0,0.1988,0.7804,0.0208,0.994
64,2,5,8835,35340,9615,512,8640,17280,0.999,1.35459e-06,0.9966,0.29364777,0.29364443,3.334129e-06,0.0,1.3327132e-05,92.46614,87.6028,15.394715,15.0,0.1976,0.78,0.0224,0.9944
64,3,1,12995,51980,14031,512,12736,25472,0.996,3.6370457e-06,0.999,0.2936454,0.29364443,9.908706e-07,0.0,5.363211e-06,92.490906,87.61163,15.376794,15.0,0.2,0.7792,0.0208,0.9934
64,3,2,12995,51980,14031,512,12736,25472,0.996,2.1919311e-06,0.9972,0.29364705,0.29364443,2.6056111e-06,0.0,1.1652307e-05,92.46999,87.583885,15.393306,15.0,0.1978,0.7802,0.022,0.9932
64,3,3,12995,51980,14031,512,12736,25472,0.997,4.1952728e-07,0.9982,0.29364583,0.29364443,1.3980716e-06,0.0,5.2326527e-06,92.47568,87.583885,15.385225,15.0,0.199,0.7796,0.0214,0.9914
64,3,4,12995,51980,14031,512,12736,25472,0.997,1.1733323e-06,0.9978,0.29364562,0.29364443,1.1701972e-06,0.0,5.634658e-06,92.474785,87.6028,15.391768,15.0,0.1986,0.7792,0.0222,0.9926
64,3,5,12995,51980,14031,512,12736,25472,0.989,1.5041709e-05,0.9964,0.29365006,0.29364443,5.6167187e-06,0.0,2.0649873e-05,92.45117,87.63542,15.408384,15.0,0.2012,0.7758,0.023,0.992
64,4,1,17155,68620,18447,512,16832,33664,0.996,4.806161e-06,0.9972,0.29364952,0.29364443,5.0679773e-06,0.0,2.1052814e-05,92.49228,87.61163,15.369168,15.0,0.2012,0.779,0.0198,0.994
64,4,2,17155,68620,18447,512,16832,33664,0.995,4.7219546e-06,0.9958,0.29365468,0.29364443,1.0243788e-05,0.0,3.9870443e-05,92.48843,87.61163,15.370172,15.0,0.2024,0.778,0.0196,0.9952
64,4,3,17155,68620,18447,512,16832,33664,0.993,1.635243e-05,0.996,0.29365644,0.29364443,1.2012852e-05,0.0,4.4621454e-05,92.4862,87.63542,15.381209,15.0,0.2034,0.7756,0.021,0.991
64,4,4,17155,68620,18447,512,16832,33664,0.997,1.7228872e-06,0.9982,0.29364818,0.29364443,3.779125e-06,0.0,9.829908e-06,92.461586,87.61163,15.390747,15.0,0.201,0.778,0.021,0.9906
64,4,5,17155,68620,18447,512,16832,33664,0.997,1.0485799e-06,0.9986,0.2936457,0.29364443,1.246357e-06,0.0,7.0133724e-06,92.45787,87.61163,15.396805,15.0,0.1992,0.7788,0.022,0.992
64,5,1,21315,85260,22863,512,20928,41856,0.998,1.0276436e-06,0.9988,0.29364517,0.29364443,7.400632e-07,0.0,2.8701909e-06,92.49235,87.61163,15.376786,15.0,0.1996,0.7794,0.021,0.9944
64,5,2,21315,85260,22863,512,20928,41856,0.996,1.6120821e-06,0.9986,0.2936452,0.29364443,7.7869e-07,0.0,4.587822e-06,92.46192,87.61163,15.394957,15.0,0.1992,0.7788,0.022,0.9944
64,5,3,21315,85260,22863,512,20928,41856,0.997,8.3734096e-07,0.9956,0.2936505,0.29364443,6.076881e-06,0.0,3.0099725e-05,92.45733,87.61163,15.410747,15.0,0.1984,0.7774,0.0242,0.9918
64,5,4,21315,85260,22863,512,20928,41856,0.996,1.1515915e-06,0.9988,0.293645,0.29364443,5.487382e-07,0.0,3.039316e-06,92.46957,87.6028,15.390972,15.0,0.1992,0.779,0.0218,0.9896
64,5,5,21315,85260,22863,512,20928,41856,0.995,2.668202e-06,0.9932,0.29365966,0.29364443,1.5244875e-05,0.0,5.138415e-05,92.46648,87.583885,15.401581,15.0,0.1958,0.7802,0.024,0.9908
64,6,1,25475,101900,27279,512,25024,50048,0.993,1.4337242e-05,0.9976,0.29364854,0.29364443,4.105523e-06,0.0,2.2283259e-05,92.50644,87.62355,15.363729,15.0,0.2004,0.7796,0.02,0.9912
64,6,2,25475,101900,27279,512,25024,50048,0.994,4.487768e-06,0.9976,0.29364753,0.29364443,3.093803e-06,0.0,1.2459084e-05,92.46437,87.6028,15.394541,15.0,0.2,0.7778,0.0222,0.9924
64,6,3,25475,101900,27279,512,25024,50048,0.99,2.274716e-05,0.992,0.29368052,0.29364443,3.6057052e-05,0.0,9.2319104e-05,92.41718,87.61163,15.427,15.0,0.2062,0.7722,0.0216,0.9904
64,6,4,25475,101900,27279,512,25024,50048,0.997,3.5452842e-06,0.9978,0.29364768,0.29364443,3.2393307e-06,0.0,1.2856242e-05,92.49694,87.61163,15.370906,15.0,0.198,0.7816,0.0204,0.9938
64,6,5,25475,101900,27279,512,25024,50048,0.993,4.370153e-06,0.9984,0.29364654,0.29364443,2.0981163e-06,0.0,8.066125e-06,92.46334,87.61163,15.388583,15.0,0.2002,0.7786,0.0212,0.9898
64,8,1,33795,135180,36111,512,33216,66432,0.993,6.489575e-06,0.9982,0.29364732,0.29364443,2.8874786e-06,0.0,9.070412e-06,92.46904,87.61163,15.387375,15.0,0.2006,0.7784,0.021,0.9914
64,8,2,33795,135180,36111,512,33216,66432,0.992,4.391089e-06,0.9958,0.29365093,0.29364443,6.4953088e-06,0.0,2.9923323e-05,92.43072,87.63542,15.421961,15.0,0.2008,0.7752,0.024,0.9872
64,8,3,33795,135180,36111,512,33216,66432,0.992,7.5576604e-06,0.9964,0.29365224,0.29364443,7.815558e-06,0.0,2.6099453e-05,92.4569,87.63542,15.3961315,15.0,0.2024,0.7758,0.0218,0.9862
64,8,4,33795,135180,36111,512,33216,66432,0.997,1.6405583e-06,0.9962,0.29364982,0.29364443,5.39273e-06,0.0,2.729784e-05,92.473335,87.583885,15.390359,15.0,0.1984,0.779,0.0226,0.9902
64,8,5,33795,135180,36111,512,33216,66432,0.989,3.002505e-05,0.9906,0.29366878,0.29364443,2.4322984e-05,0.0,0.000118947435,92.43426,87.583885,15.440491,15.0,0.196,0.7772,0.0268,0.9904
80,1,1,7123,28492,7775,640,6960,13920,0.996,1.1515915e-06,0.9992,0.29364482,0.29364443,3.8215816e-07,0.0,2.0722075e-06,92.47527,87.61163,15.387864,15.0,0.1994,0.779,0.0216,0.9914
80,1,2,7123,28492,7775,640,6960,13920,0.993,3.6163478e-06,0.9966,0.2936477,0.29364443,3.2604635e-06,0.0,1.866192e-05,92.44198,87.61163,15.415544,15.0,0.2,0.776,0.024,0.9868
80,1,3,7123,28492,7775,640,6960,13920,0.996,4.3745936e-06,0.9968,0.29364872,0.29364443,4.2885003e-06,0.0,1.665413e-05,92.49525,87.583885,15.36823,15.0,0.1974,0.7826,0.02,0.9936
80,1,4,7123,28492,7775,640,6960,13920,0.999,5.4621694e-07,0.999,0.29364493,0.29364443,5.101949e-07,0.0,2.7567633e-06,92.49041,87.61163,15.373936,15.0,0.1996,0.78,0.0204,0.9944
80,1,5,7123,28492,7775,640,6960,13920,0.998,1.3755262e-06,0.998,0.2936461,0.29364443,1.6827196e-06,0.0,8.354438e-06,92.48592,87.583885,15.375175,15.0,0.1984,0.7814,0.0202,0.9932
80,2,1,13603,54412,14575,640,13360,26720,0.997,1.6405583e-06,0.9956,0.29364863,0.29364443,4.188323e-06,0.0,2.3061715e-05,92.44401,87.583885,15.414665,15.0,0.1982,0.7778,0.024,0.9954
80,2,2,13603,54412,14575,640,13360,26720,0.999,2.0936131e-08,0.9988,0.29364508,0.29364443,6.482452e-07,0.0,1.9360018e-06,92.49716,87.61163,15.37315,15.0,0.199,0.7802,0.0208,0.996
80,2,3,13603,54412,14575,640,13360,26720,0.999,1.35459e-06,0.9984,0.2936453,0.29364443,8.57085e-07,0.0,4.1788517e-06,92.49109,87.6028,15.372048,15.0,0.1988,0.781,0.0202,0.995
80,2,4,13603,54412,14575,640,13360,26720,0.996,2.4268031e-06,0.9984,0.29364586,0.29364443,1.4106453e-06,0.0,7.987844e-06,92.49598,87.61163,15.368996,15.0,0.199,0.781,0.02,0.9942
80,2,5,13603,54412,14575,640,13360,26720,0.995,1.404494e-06,0.9992,0.29364467,0.29364443,2.3772121e-07,0.0,1.3189591e-06,92.47986,87.61163,15.382749,15.0,0.1998,0.779,0.0212,0.9942
80,3,1,20083,80332,21375,640,19760,39520,0.997,6.0537457e-07,0.9984,0.2936451,0.29364443,6.8763194e-07,0.0,3.242479e-06,92.49184,87.6028,15.375879,15.0,0.1988,0.7806,0.0206,0.9918
80,3,2,20083,80332,21375,640,19760,39520,0.996,2.1919311e-06,0.9966,0.29364753,0.29364443,3.0938327e-06,0.0,1.5126651e-05,92.443,87.6028,15.410587,15.0,0.1994,0.7772,0.0234,0.993
80,3,3,20083,80332,21375,640,19760,39520,0.998,2.7383865e-07,0.9996,0.2936445,0.29364443,3.824532e-08,0.0,2.3692341e-07,92.48073,87.61163,15.381877,15.0,0.1996,0.7794,0.021,0.9902
80,3,4,20083,80332,21375,640,19760,39520,0.999,1.4568866e-07,0.999,0.29364502,0.29364443,5.9217217e-07,0.0,2.2088773e-06,92.48165,87.61163,15.377986,15.0,0.1998,0.7796,0.0206,0.997
80,3,5,20083,80332,21375,640,19760,39520,0.997,1.7768144e-06,0.9988,0.29364517,0.29364443,7.413298e-07,0.0,3.592595e-06,92.4879,87.61163,15.375478,15.0,0.2,0.7794,0.0206,0.9934
80,4,1,26563,106252,28175,640,26160,52320,0.997,1.1733323e-06,0.9984,0.29364583,0.29364443,1.3838112e-06,0.0,3.8391345e-06,92.48503,87.6028,15.381544,15.0,0.1986,0.7798,0.0216,0.9942
80,4,2,26563,106252,28175,640,26160,52320,0.999,2.529025e-07,0.9986,0.29364517,0.29364443,7.267356e-07,0.0,3.2571138e-06,92.48208,87.6028,15.380546,15.0,0.199,0.78,0.021,0.9944
80,4,3,26563,106252,28175,640,26160,52320,0.997,1.3591796e-06,0.9968,0.29364854,0.29364443,4.1019885e-06,0.0,1.5060054e-05,92.47678,87.6028,15.39086,15.0,0.1978,0.7798,0.0224,0.9936
80,4,4,26563,106252,28175,640,26160,52320,0.998,1.8308609e-06,0.9986,0.29364562,0.29364443,1.2095123e-06,0.0,5.490943e-06,92.46914,87.61163,15.387142,15.0,0.1986,0.78,0.0214,0.9944
80,4,5,26563,106252,28175,640,26160,52320,0.995,3.941551e-06,0.9976,0.29364598,0.29364443,1.5346437e-06,0.0,7.4699133e-06,92.47518,87.6028,15.392356,15.0,0.1988,0.779,0.0222,0.996
80,5,1,33043,132172,34975,640,32560,65120,0.994,3.3922345e-06,0.997,0.2936501,0.29364443,5.652988e-06,0.0,1.9455016e-05,92.46341,87.63542,15.393794,15.0,0.2018,0.7764,0.0218,0.993
80,5,2,33043,132172,34975,640,32560,65120,0.995,3.3303797e-06,0.9982,0.2936462,0.29364443,1.7612547e-06,0.0,9.57606e-06,92.4603,87.61163,15.393709,15.0,0.1996,0.7788,0.0216,0.9938
80,5,3,33043,132172,34975,640,32560,65120,0.99,1.8502235e-05,0.9944,0.29366198,0.29364443,1.7542883e-05,0.0,5.221508e-05,92.44849,87.63542,15.401064,15.0,0.2046,0.7742,0.0212,0.9936
80,5,4,33043,132172,34975,640,32560,65120,0.999,7.747412e-07,0.9966,0.29365116,0.29364443,6.7352235e-06,0.0,2.0644053e-05,92.50745,87.61163,15.362244,15.0,0.197,0.7828,0.0202,0.991
80,5,5,33043,132172,34975,640,32560,65120,0.999,2.529025e-07,0.998,0.29364687,0.29364443,2.4357973e-06,0.0,7.821731e-06,92.50116,87.61163,15.371113,15.0,0.198,0.7814,0.0206,0.9936
80,6,1,39523,158092,41775,640,38960,77920,0.993,6.971881e-06,0.9982,0.29364616,0.29364443,1.7178119e-06,0.0,8.717532e-06,92.46735,87.61163,15.393406,15.0,0.1996,0.7784,0.022,0.99
80,6,2,39523,158092,41775,640,38960,77920,0.982,9.53377e-05,0.983,0.29375142,0.29364443,0.000106964515,0.0,0.00037904433,92.51208,87.69034,15.365844,15.0,0.2124,0.7712,0.0164,0.993
80,6,3,39523,158092,41775,640,38960,77920,0.993,3.844872e-06,0.9974,0.2936467,0.29364443,2.2536785e-06,0.0,1.2392314e-05,92.46095,87.62355,15.401749,15.0,0.1994,0.7776,0.023,0.9918
80,6,4,39523,158092,41775,640,38960,77920,0.991,1.5620917e-05,0.9888,0.29367504,0.29364443,3.0610412e-05,0.0,0.00017814671,92.38236,87.583885,15.478722,15.0,0.1976,0.7722,0.0302,0.994
80,6,5,39523,158092,41775,640,38960,77920,0.993,1.0774091e-05,0.9936,0.29365796,0.29364443,1.3522783e-05,0.0,4.599551e-05,92.47336,87.6028,15.394597,15.0,0.196,0.7806,0.0234,0.9896
80,8,1,52483,209932,55375,640,51760,103520,0.999,1.35459e-06,0.9974,0.293648,0.29364443,3.5401613e-06,0.0,1.3955045e-05,92.480316,87.6028,15.3817,15.0,0.1974,0.7816,0.021,0.99
80,8,2,52483,209932,55375,640,51760,103520,0.994,3.3634453e-06,0.9958,0.29365087,0.29364443,6.447524e-06,0.0,2.5581587e-05,92.446335,87.62355,15.409057,15.0,0.2014,0.7756,0.023,0.9898
80,8,3,52483,209932,55375,640,51760,103520,0.994,7.4047894e-06,0.9962,0.2936521,0.29364443,7.668996e-06,0.0,3.2830238e-05,92.5119,87.63542,15.365866,15.0,0.2,0.7792,0.0208,0.9928
80,8,4,52483,209932,55375,640,51760,103520,0.991,3.2608838e-05,0.993,0.29366857,0.29364443,2.4105173e-05,0.0,7.866179e-05,92.535866,87.6028,15.348834,15.0,0.1948,0.7852,0.02,0.9908
80,8,5,52483,209932,55375,640,51760,103520,0.996,2.807796e-06,0.9964,0.2936526,0.29364443,8.169541e-06,0.0,3.0119741e-05,92.473434,87.61163,15.376138,15.0,0.2014,0.779,0.0196,0.9926
96,1,1,10083,40332,10863,768,9888,19776,0.994,7.805228e-06,0.9986,0.29364556,0.29364443,1.1414885e-06,0.0,5.7547863e-06,92.49144,87.61163,15.37311,15.0,0.1996,0.78,0.0204,0.9902
96,1,2,10083,40332,10863,768,9888,19776,0.999,7.747412e-07,0.9986,0.29364535,0.29364443,9.114355e-07,0.0,3.7521183e-06,92.48841,87.6028,15.3761425,15.0,0.1988,0.7804,0.0208,0.995
96,1,3,10083,40332,10863,768,9888,19776,0.995,2.4396777e-06,0.9974,0.29364595,0.29364443,1.5209943e-06,0.0,8.317001e-06,92.46093,87.6028,15.3994,15.0,0.199,0.7784,0.0226,0.9922
96,1,4,10083,40332,10863,768,9888,19776,0.998,1.6074925e-06,0.9984,0.29364535,0.29364443,9.300858e-07,0.0,3.7535265e-06,92.49547,87.61163,15.374721,15.0,0.1986,0.7806,0.0208,0.9946
96,1,5,10083,40332,10863,768,9888,19776,0.996,2.1867752e-06,0.997,0.29364675,0.29364443,2.3327798e-06,0.0,1.1625457e-05,92.46956,87.6028,15.395665,15.0,0.1982,0.7792,0.0226,0.9946
96,2,1,19395,77580,20559,768,19104,38208,0.996,1.6120821e-06,0.9962,0.29365075,0.29364443,6.2806816e-06,0.0,1.8057892e-05,92.48904,87.6028,15.384369,15.0,0.1972,0.7804,0.0224,0.9948
96,2,2,19395,77580,20559,768,19104,38208,0.996,6.411508e-06,0.997,0.29364857,0.29364443,4.1113017e-06,0.0,1.2151607e-05,92.48494,87.6028,15.380894,15.0,0.1972,0.7812,0.0216,0.9948
96,2,3,19395,77580,20559,768,19104,38208,0.994,2.1792353e-06,0.9964,0.29364884,0.29364443,4.4133308e-06,0.0,2.0668253e-05,92.43446,87.61163,15.415653,15.0,0.2006,0.7758,0.0236,0.995
96,2,4,19395,77580,20559,768,19104,38208,0.995,4.162386e-06,0.9992,0.29364526,0.29364443,8.3168743e-07,0.0,5.2531846e-06,92.490105,87.61163,15.373477,15.0,0.1996,0.7802,0.0202,0.9958
96,2,5,19395,77580,20559,768,19104,38208,0.993,1.3842464e-05,0.9952,0.2936538,0.29364443,9.340909e-06,0.0,3.664532e-05,92.47631,87.6028,15.397094,15.0,0.197,0.7798,0.0232,0.9928
96,3,1,28707,114828,30255,768,28320,56640,1.0,0.0,0.998,0.29364604,0.29364443,1.6179711e-06,0.0,5.5658443e-06,92.49915,87.6028,15.370259,15.0,0.1982,0.7814,0.0204,0.9958
96,3,2,28707,114828,30255,768,28320,56640,0.991,2.6721493e-05,0.9934,0.29366916,0.29364443,2.47282e-05,0.0,7.683793e-05,92.45544,87.65759,15.39762,15.0,0.2058,0.7732,0.021,0.994
96,3,3,28707,114828,30255,768,28320,56640,0.998,1.3090223e-06,0.999,0.29364505,0.29364443,6.439656e-07,0.0,3.3398144e-06,92.48409,87.6028,15.38225,15.0,0.1992,0.7796,0.0212,0.9962
96,3,4,28707,114828,30255,768,28320,56640,0.99,3.349471e-05,0.9878,0.29371625,0.29364443,7.181573e-05,0.0,0.00020200967,92.446945,87.6835,15.420069,15.0,0.2104,0.7696,0.02,0.993
96,3,5,28707,114828,30255,768,28320,56640,0.989,2.952595e-05,0.9882,0.29368058,0.29364443,3.615326e-05,0.0,0.00014900664,92.43665,87.57185,15.44009,15.0,0.1936,0.7796,0.0268,0.993
96,4,1,38019,152076,39951,768,37536,75072,0.995,2.668202e-06,0.9956,0.2936502,0.29364443,5.7519883e-06,0.0,2.384649e-05,92.46801,87.583885,15.401556,15.0,0.1972,0.7798,0.023,0.9926
96,4,2,38019,152076,39951,768,37536,75072,0.995,7.771537e-06,0.9944,0.29365656,0.29364443,1.2092993e-05,0.0,4.8650552e-05,92.466,87.583885,15.398883,15.0,0.1956,0.7822,0.0222,0.992
96,4,3,38019,152076,39951,768,37536,75072,0.999,1.4568866e-07,0.9988,0.29364482,0.29364443,3.89117e-07,0.0,1.9135289e-06,92.48244,87.6028,15.379044,15.0,0.1994,0.7798,0.0208,0.9944
96,4,4,38019,152076,39951,768,37536,75072,0.999,2.529025e-07,0.999,0.293645,0.29364443,5.6111514e-07,0.0,2.8651364e-06,92.49273,87.6028,15.37425,15.0,0.1992,0.7804,0.0204,0.9936
96,4,5,38019,152076,39951,768,37536,75072,0.999,5.4621694e-07,0.9982,0.29364845,0.29364443,4.021716e-06,0.0,1.0634915e-05,92.46462,87.61163,15.389245,15.0,0.2006,0.7788,0.0206,0.9926
96,5,1,47331,189324,49647,768,46752,93504,0.996,2.779007e-06,0.9984,0.29364553,0.29364443,1.0877282e-06,0.0,6.6515727e-06,92.46883,87.61163,15.393119,15.0,0.1994,0.7786,0.022,0.9876
96,5,2,47331,189324,49647,768,46752,93504,0.991,2.2415623e-05,0.9938,0.29366627,0.29364443,2.1842148e-05,0.0,6.503885e-05,92.46462,87.637184,15.392428,15.0,0.2052,0.7744,0.0204,0.9916
96,5,3,47331,189324,49647,768,46752,93504,0.995,6.7203196e-06,0.9986,0.29364622,0.29364443,1.7827541e-06,0.0,6.9182433e-06,92.48835,87.62355,15.374775,15.0,0.2004,0.7792,0.0204,0.9956
96,5,4,47331,189324,49647,768,46752,93504,0.994,6.6798775e-06,0.9966,0.29365277,0.29364443,8.333093e-06,0.0,2.6207445e-05,92.46838,87.63542,15.387762,15.0,0.2024,0.7768,0.0208,0.9918
96,5,5,47331,189324,49647,768,46752,93504,0.995,6.66441e-06,0.9958,0.2936514,0.29364443,6.9685043e-06,0.0,2.3151815e-05,92.490814,87.583885,15.378769,15.0,0.1966,0.782,0.0214,0.9954
96,6,1,56643,226572,59343,768,55968,111936,0.994,8.988411e-06,0.9976,0.29364848,0.29364443,4.041046e-06,0.0,1.3912937e-05,92.473526,87.63542,15.383222,15.0,0.201,0.7782,0.0208,0.9934
96,6,2,56643,226572,59343,768,55968,111936,0.992,2.1018728e-05,0.992,0.2936775,0.29364443,3.3083736e-05,0.0,0.00010171012,92.461586,87.65759,15.39283,15.0,0.2066,0.7734,0.02,0.9942
96,6,3,56643,226572,59343,768,55968,111936,0.995,2.668202e-06,0.9964,0.29364833,0.29364443,3.8886724e-06,0.0,2.0761276e-05,92.4438,87.583885,15.408053,15.0,0.1982,0.7786,0.0232,0.993
96,6,4,56643,226572,59343,768,55968,111936,0.992,8.0035625e-06,0.9968,0.29364905,0.29364443,4.6118525e-06,0.0,2.3491582e-05,92.44484,87.61163,15.415196,15.0,0.2,0.7762,0.0238,0.9898
96,6,5,56643,226572,59343,768,55968,111936,0.996,1.6120821e-06,0.9978,0.2936473,0.29364443,2.8623938e-06,0.0,9.5217765e-06,92.48761,87.61163,15.38046,15.0,0.198,0.7804,0.0216,0.9888
96,8,1,75267,301068,78735,768,74400,148800,0.997,3.2896846e-06,0.9966,0.2936498,0.29364443,5.3398608e-06,0.0,3.169575e-05,92.51236,87.6028,15.354052,15.0,0.1988,0.7824,0.0188,0.9946
96,8,2,75267,301068,78735,768,74400,148800,0.994,8.323699e-06,0.9956,0.29365224,0.29364443,7.8196435e-06,0.0,4.0156083e-05,92.47655,87.583885,15.3866205,15.0,0.1972,0.7818,0.021,0.9876
96,8,3,75267,301068,78735,768,74400,148800,0.991,1.7107888e-05,0.9928,0.2936805,0.29364443,3.6071848e-05,0.0,8.734764e-05,92.42514,87.63542,15.428298,15.0,0.2048,0.7738,0.0214,0.9916
96,8,4,75267,301068,78735,768,74400,148800,0.993,6.9422126e-06,0.9964,0.29364815,0.29364443,3.685212e-06,0.0,1.4728031e-05,92.475876,87.6028,15.395692,15.0,0.1986,0.7786,0.0228,0.9924
96,8,5,75267,301068,78735,768,74400,148800,0.992,6.6699085e-06,0.9958,0.29365,0.29364443,5.553028e-06,0.0,3.3872475e-05,92.43954,87.61163,15.421591,15.0,0.1996,0.7756,0.0248,0.9928
128,1,1,17539,70156,18575,1024,17280,34560,0.999,5.4621694e-07,0.999,0.2936449,0.29364443,4.6379864e-07,0.0,2.1027186e-06,92.47957,87.61163,15.383147,15.0,0.1992,0.7796,0.0212,0.9954
128,1,2,17539,70156,18575,1024,17280,34560,0.991,1.2407973e-05,0.9942,0.29365423,0.29364443,9.813192e-06,0.0,5.322e-05,92.43751,87.583885,15.422462,15.0,0.1978,0.7772,0.025,0.9948
128,1,3,17539,70156,18575,1024,17280,34560,0.998,7.9911945e-07,0.9992,0.2936448,0.29364443,3.3804776e-07,0.0,1.6953849e-06,92.484726,87.6028,15.377002,15.0,0.1996,0.7798,0.0206,0.9958
128,1,4,17539,70156,18575,1024,17280,34560,0.993,4.424721e-06,0.9966,0.29364926,0.29364443,4.8290967e-06,0.0,2.2390086e-05,92.467735,87.62355,15.396911,15.0,0.1992,0.7784,0.0224,0.994
128,1,5,17539,70156,18575,1024,17280,34560,0.995,1.6330182e-06,0.9966,0.29364696,0.29364443,2.498463e-06,0.0,1.1672556e-05,92.46476,87.6028,15.401455,15.0,0.1984,0.7784,0.0232,0.9968
128,2,1,34051,136204,35599,1024,33664,67328,0.998,3.2687485e-06,0.9978,0.29364717,0.29364443,2.7331919e-06,0.0,9.0487665e-06,92.503685,87.6028,15.366422,15.0,0.198,0.7816,0.0204,0.9944
128,2,2,34051,136204,35599,1024,33664,67328,1.0,0.0,0.9982,0.29364696,0.29364443,2.5020688e-06,0.0,7.881373e-06,92.49261,87.6028,15.374669,15.0,0.1984,0.7808,0.0208,0.989
128,2,3,34051,136204,35599,1024,33664,67328,0.994,1.0402962e-05,0.9952,0.29365855,0.29364443,1.4095005e-05,0.0,4.1235413e-05,92.44509,87.62355,15.393547,15.0,0.2036,0.7758,0.0206,0.9946
128,2,4,34051,136204,35599,1024,33664,67328,0.995,1.914397e-06,0.9972,0.29364634,0.29364443,1.8911331e-06,0.0,9.875282e-06,92.46283,87.6028,15.396478,15.0,0.1986,0.779,0.0224,0.9944
128,2,5,34051,136204,35599,1024,33664,67328,0.994,1.7139868e-05,0.9968,0.29365274,0.29364443,8.308363e-06,0.0,3.8291313e-05,92.51751,87.63542,15.359723,15.0,0.201,0.7794,0.0196,0.9958
128,3,1,50563,202252,52623,1024,50048,100096,0.994,2.689138e-06,0.9962,0.29364842,0.29364443,3.985399e-06,0.0,2.3191049e-05,92.45361,87.6028,15.411382,15.0,0.1988,0.7772,0.024,0.9952
128,3,2,50563,202252,52623,1024,50048,100096,0.994,5.9020817e-06,0.9936,0.29365396,0.29364443,9.543243e-06,0.0,4.408755e-05,92.43922,87.583885,15.421628,15.0,0.197,0.7782,0.0248,0.9954
128,3,3,50563,202252,52623,1024,50048,100096,0.996,1.9757897e-06,0.9986,0.29364583,0.29364443,1.3978154e-06,0.0,6.1694727e-06,92.480675,87.61163,15.383135,15.0,0.2002,0.7784,0.0214,0.996
128,3,4,50563,202252,52623,1024,50048,100096,0.997,8.3734096e-07,0.9992,0.29364467,0.29364443,2.2828281e-07,0.0,1.1790056e-06,92.47755,87.61163,15.38479,15.0,0.1996,0.779,0.0214,0.9952
128,3,5,50563,202252,52623,1024,50048,100096,0.993,4.768026e-05,0.9932,0.29367003,0.29364443,2.5570313e-05,0.0,8.579648e-05,92.519066,87.57185,15.363259,15.0,0.194,0.7862,0.0198,0.9952
128,4,1,67075,268300,69647,1024,66432,132864,0.995,2.1582991e-06,0.9988,0.29364532,0.29364443,8.769661e-07,0.0,3.1658146e-06,92.476326,87.61163,15.383075,15.0,0.2002,0.7786,0.0212,0.994
128,4,2,67075,268300,69647,1024,66432,132864,0.996,2.229452e-06,0.9974,0.29364616,0.29364443,1.6909897e-06,0.0,9.43779e-06,92.46661,87.61163,15.399928,15.0,0.199,0.778,0.023,0.993
128,4,3,67075,268300,69647,1024,66432,132864,0.995,7.687807e-06,0.9954,0.293656,0.29364443,1.1583426e-05,0.0,6.1461826e-05,92.501236,87.61163,15.353669,15.0,0.201,0.7812,0.0178,0.9946
128,4,4,67075,268300,69647,1024,66432,132864,0.998,1.6074925e-06,0.9986,0.2936452,0.29364443,8.057714e-07,0.0,4.105926e-06,92.4939,87.61163,15.3752985,15.0,0.1992,0.78,0.0208,0.994
128,4,5,67075,268300,69647,1024,66432,132864,0.997,6.0799716e-06,0.9954,0.2936559,0.29364443,1.1488214e-05,0.0,3.7370915e-05,92.50187,87.6028,15.367625,15.0,0.196,0.7836,0.0204,0.994
128,5,1,83587,334348,86671,1024,82816,165632,0.995,3.889948e-06,0.9968,0.29365128,0.29364443,6.8470627e-06,0.0,2.3051714e-05,92.476585,87.63542,15.379553,15.0,0.202,0.7778,0.0202,0.9944
128,5,2,83587,334348,86671,1024,82816,165632,0.995,2.2128672e-06,0.9976,0.29364717,0.29364443,2.7234942e-06,0.0,7.535975e-06,92.492035,87.6028,15.376347,15.0,0.198,0.7806,0.0214,0.9912
128,5,3,83587,334348,86671,1024,82816,165632,0.996,2.6299804e-06,0.9968,0.2936482,0.29364443,3.7756802e-06,0.0,1.9507135e-05,92.44246,87.61163,15.411838,15.0,0.1994,0.7774,0.0232,0.9934
128,5,4,83587,334348,86671,1024,82816,165632,0.998,1.6074925e-06,0.9984,0.2936454,0.29364443,9.646296e-07,0.0,5.2063733e-06,92.48161,87.6028,15.376397,15.0,0.1988,0.781,0.0202,0.9956
128,5,5,83587,334348,86671,1024,82816,165632,0.994,2.1955744e-05,0.995,0.29365653,0.29364443,1.2079454e-05,0.0,4.0706593e-05,92.50441,87.583885,15.368014,15.0,0.1956,0.7844,0.02,0.9918
128,6,1,100099,400396,103695,1024,99200,198400,0.996,1.8934608e-06,0.9966,0.2936489,0.29364443,4.4566573e-06,0.0,1.5472644e-05,92.48205,87.583885,15.381622,15.0,0.1972,0.7812,0.0216,0.9924
128,6,2,100099,400396,103695,1024,99200,198400,0.996,1.993075e-06,0.9984,0.29364616,0.29364443,1.7241389e-06,0.0,6.1545634e-06,92.48644,87.61163,15.381719,15.0,0.1992,0.779,0.0218,0.995
128,6,3,100099,400396,103695,1024,99200,198400,0.995,2.1582991e-06,0.9978,0.29364643,0.29364443,2.0104528e-06,0.0,9.868823e-06,92.45958,87.583885,15.392047,15.0,0.1984,0.78,0.0216,0.9914
128,6,4,100099,400396,103695,1024,99200,198400,0.996,1.6902834e-06,0.9978,0.29364702,0.29364443,2.591011e-06,0.0,1.3809462e-05,92.456085,87.6028,15.398888,15.0,0.1996,0.778,0.0224,0.9926
128,6,5,100099,400396,103695,1024,99200,198400,0.99,2.1434695e-05,0.995,0.293661,0.29364443,1.6543787e-05,0.0,4.1666975e-05,92.44093,87.61163,15.410416,15.0,0.2034,0.7752,0.0214,0.993
128,8,1,133123,532492,137743,1024,131968,263936,0.997,2.0837635e-06,0.9964,0.29364845,0.29364443,4.004365e-06,0.0,1.8242428e-05,92.4696,87.583885,15.392975,15.0,0.1976,0.7802,0.0222,0.993
128,8,2,133123,532492,137743,1024,131968,263936,0.991,1.7927468e-05,0.9918,0.29366323,0.29364443,1.8781355e-05,0.0,7.079642e-05,92.45716,87.57185,15.415034,15.0,0.1956,0.7792,0.0252,0.9922
128,8,3,133123,532492,137743,1024,131968,263936,0.996,1.4756471e-06,0.9978,0.29364803,0.29364443,3.61287e-06,0.0,1.960713e-05,92.48619,87.61163,15.373542,15.0,0.1992,0.7804,0.0204,0.9928
128,8,4,133123,532492,137743,1024,131968,263936,0.991,1.4063641e-05,0.9962,0.29365084,0.29364443,6.388545e-06,0.0,2.9534764e-05,92.46215,87.63542,15.401875,15.0,0.2014,0.7756,0.023,0.9932
128,8,5,133123,532492,137743,1024,131968,263936,0.994,4.9976707e-06,0.9948,0.2936537,0.29364443,9.27715e-06,0.0,3.9423685e-05,92.470474,87.61163,15.402522,15.0,0.1982,0.7778,0.024,0.994
