configuration,E1,E2,alpha_f,beta_f,policy_agreement,local_fraction,partial_fraction,full_fraction,mean_regret,median_regret,mean_normalized_regret,max_regret
nominal,15.0,25.0,0.25,0.2,1.0,0.2032,0.7672,0.0296,0.0,0.0,0.0,0.0
all_-20%,12.0,20.0,0.2,0.16000000000000003,0.96986,0.18188,0.7795,0.03862,0.0002869852434648501,0.0,0.0011044145786009653,0.03434360547586046
all_+20%,18.0,30.0,0.3,0.24,0.96998,0.22454,0.75498,0.02048,0.00030295807724499673,0.0,0.0010435374426987344,0.038105339461532384
all_-40%,9.0,15.0,0.15,0.12,0.94016,0.16226,0.7887,0.04904,0.001116964624538512,0.0,0.004774654240551429,0.06900441121856826
all_+40%,21.0,35.0,0.35,0.27999999999999997,0.93816,0.24736,0.74148,0.01116,0.0012518911409186942,0.0,0.004161142984473707,0.0782688612300444
E1_low_E2_high_20,12.0,30.0,0.25,0.2,0.95542,0.18744,0.81178,0.00078,0.0005630147774837407,0.0,0.003537329411223381,0.029996331652809127
E1_high_E2_low_20,18.0,20.0,0.25,0.2,0.9099,0.21782,0.6773,0.10488,0.0011104129791071832,0.0,0.006354518203850135,0.029981493618958216
E1_low_E2_high_40,9.0,35.0,0.25,0.2,0.93892,0.17172,0.82828,0.0,0.0017689319961303282,0.0,0.0117092593659172,0.0599963316528091
E1_high_E2_low_40,21.0,15.0,0.25,0.2,0.77776,0.22664,0.54698,0.22638,0.007564021203487357,0.0,0.04475308716260004,0.08343287525110829
feedback_-40%,15.0,25.0,0.15,0.12,0.98692,0.19224,0.776,0.03176,0.00014374382521440462,0.0,0.0003886388393335912,0.035655745017385
feedback_+40%,15.0,25.0,0.35,0.27999999999999997,0.9874,0.21362,0.75902,0.02736,0.00013199498101145056,0.0,0.0003409140423170294,0.03721259368926222
alpha_low_beta_high,15.0,25.0,0.15,0.27999999999999997,0.99368,0.19804,0.7729,0.02906,5.890329676729746e-05,0.0,0.00013388529111967287,0.028155745017385048
alpha_high_beta_low,15.0,25.0,0.35,0.12,0.99416,0.2078,0.7621,0.0301,4.617805435658414e-05,0.0,0.00010191013508629128,0.029712593689262268
