configuration,rt_latency_weight,rt_energy_weight,dt_latency_weight,dt_energy_weight,policy_agreement,local_fraction,partial_fraction,full_fraction,mean_regret,median_regret,mean_normalized_regret,max_regret
nominal,0.75,0.25,0.5,0.5,1.0,0.2032,0.7672,0.0296,0.0,0.0,0.0,0.0
RT_70_30,0.7,0.3,0.5,0.5,0.98464,0.20296,0.77908,0.01796,7.3076287686549e-05,0.0,0.00040496782213101783,0.02403021136231362
RT_80_20,0.8,0.2,0.5,0.5,0.98756,0.20344,0.75712,0.03944,5.9066055077090505e-05,0.0,0.0003416297828603019,0.023392804178666182
RT_65_35,0.65,0.35,0.5,0.5,0.96804,0.20298,0.79232,0.0047,0.0003113059359245638,0.0,0.0017627190366276539,0.04849425360452023
RT_85_15,0.85,0.15,0.5,0.5,0.97594,0.20378,0.74782,0.0484,0.00022315604305133722,0.0,0.0013260200824891917,0.04792028292425991
DT_45_55,0.75,0.25,0.45,0.55,0.99676,0.20376,0.76664,0.0296,1.4526349207858534e-05,0.0,5.9724911131371014e-05,0.014285430313252384
DT_55_45,0.75,0.25,0.55,0.45,0.99648,0.20304,0.76736,0.0296,1.5660560946413904e-05,0.0,6.0135314192420554e-05,0.014222477460417715
DT_40_60,0.75,0.25,0.4,0.6,0.9934,0.20384,0.76656,0.0296,5.9909109731956464e-05,0.0,0.0002566334758380507,0.029104242698500454
DT_60_40,0.75,0.25,0.6,0.4,0.99292,0.2032,0.7672,0.0296,6.706473887314272e-05,0.0,0.00025620213471925905,0.029003137227815
latency_emphasis,0.85,0.15,0.6,0.4,0.96886,0.20378,0.74782,0.0484,0.0002902207819244799,0.0,0.0015822222172084508,0.04792028292425991
energy_emphasis,0.65,0.35,0.4,0.6,0.96144,0.20362,0.79168,0.0047,0.00037121504565652033,0.0,0.0020193525124657047,0.04849425360452023
